input_doi,matched_doi
10.48550/arxiv.0905.0097,10.1007/jhep01(2010)042
10.48550/arxiv.2402.09182,10.1145/3613904.3642143
10.48550/arxiv.2105.00427,10.1103/physrevd.105.023507
10.48550/arxiv.2409.01363,10.1145/3701551.3703560
10.48550/arxiv.1709.08643,10.1103/physrevd.97.014019
10.48550/arxiv.1907.05846,10.1145/3341161.3342954
10.48550/arxiv.2101.00321,10.1021/acs.chemmater.1c00005
10.48550/arxiv.1710.07221,10.1103/physreva.96.046501
10.48550/arxiv.cond-mat/0409209,10.1103/physrevlett.94.127202
10.48550/arxiv.hep-th/9603183,10.1016/0550-3213(96)00263-5
10.48550/arxiv.0905.4580,10.1016/j.geomphys.2010.02.003
10.48550/arxiv.1807.07899,10.1093/mnras/sty2954
10.48550/arxiv.2009.07974,10.1109/icmla51294.2020.00025
10.48550/arxiv.2408.00259,10.1088/1402-4896/ad1c28
10.48550/arxiv.2207.13690,10.3390/universe8080392
10.48550/arxiv.1109.3271,10.1103/physreve.84.061603
10.48550/arxiv.2001.11993,
10.48550/arxiv.1011.2951,10.1088/0004-637x/727/1/33
10.48550/arxiv.cond-mat/0203035,10.1103/physrevb.66.041304
10.48550/arxiv.2312.07947,10.1109/tifs.2023.3343599
10.48550/arxiv.quant-ph/0511181,
10.48550/arxiv.2101.04499,10.1088/1361-6455/ac2a6e
10.48550/arxiv.1504.07188,10.22323/1.263.0060
10.48550/arxiv.1002.0455,10.1007/s12043-021-02161-6
10.48550/arxiv.hep-ph/0001302,10.1103/physrevd.62.035002
10.48550/arxiv.0811.4423,10.1088/1475-7516/2009/02/016
10.48550/arxiv.1306.0288,10.1088/0953-2048/26/10/102001
10.48550/arxiv.2212.12949,10.1088/1674-1137/acaef7
10.48550/arxiv.cond-mat/0405494,10.1103/physrevlett.93.040403
10.48550/arxiv.chao-dyn/9706023,10.1088/0305-4470/30/24/037
10.48550/arxiv.2301.02850,10.1038/s41467-025-56019-1
10.48550/arxiv.hep-lat/0409022,10.1016/j.nuclphysbps.2004.11.322
10.48550/arxiv.0912.3338,10.1103/physreva.81.010101
10.48550/arxiv.2204.06921,10.1063/5.0095827
10.48550/arxiv.2307.01622,10.1016/j.apenergy.2023.121014
10.48550/arxiv.1712.03004,10.4310/mrl.2021.v28.n2.a7
10.48550/arxiv.hep-ph/0201218,
10.48550/arxiv.1306.3236,10.1103/physrevd.90.043506
10.48550/arxiv.astro-ph/0201267,10.1051/0004-6361:20020082
10.48550/arxiv.1809.02266,10.1016/j.ces.2019.04.004
10.48550/arxiv.2110.05482,10.1007/s41027-023-00434-9
10.48550/arxiv.astro-ph/9805163,10.1046/j.1365-8711.1998.01814.x
10.48550/arxiv.2001.03701,10.1038/s41598-020-61613-y
10.48550/arxiv.0810.1914,10.1051/0004-6361:200810880
10.48550/arxiv.1303.6241,10.1017/nws.2014.4
10.48550/arxiv.1711.03748,10.1007/s11083-019-09483-6
10.48550/arxiv.1208.4464,10.1088/1367-2630/15/4/045016
10.48550/arxiv.2406.02660,10.1051/0004-6361/202450590
10.48550/arxiv.2209.12485,10.1007/978-3-031-17849-8_7
10.48550/arxiv.1209.3186,10.1007/s00454-014-9607-4
10.48550/arxiv.1307.3416,10.1103/physrevb.88.241404
10.48550/arxiv.0807.3252,10.1063/1.2999532
10.48550/arxiv.hep-ph/9609424,10.1016/s0920-5632(97)00060-1
10.48550/arxiv.1403.1753,10.1088/2040-8978/16/10/105012
10.48550/arxiv.1009.2202,10.1002/pssc.201000809
10.48550/arxiv.cond-mat/0409675,10.1143/jpsj.74.275
10.48550/arxiv.2009.05457,10.3847/1538-4357/aba61a
10.48550/arxiv.cond-mat/0301059,10.1103/physrevlett.90.204101
10.48550/arxiv.2306.08534,10.7566/jpsj.92.093001
10.48550/arxiv.astro-ph/0610404,10.1051/0004-6361:20065614
10.48550/arxiv.astro-ph/0206214,10.1086/342014
10.48550/arxiv.quant-ph/0401095,10.1023/b:foop.0000034224.37659.96
10.48550/arxiv.2406.07803,10.21437/interspeech.2024-398
10.48550/arxiv.0903.2455,10.1088/1126-6708/2009/05/087
10.48550/arxiv.1407.3966,10.1088/1748-0221/9/10/p10007
10.48550/arxiv.1611.06208,10.1016/j.jmva.2019.104567
10.48550/arxiv.1907.05958,10.1103/physrevd.100.084053
10.48550/arxiv.2010.07742,10.3847/1538-4357/abd54f
10.48550/arxiv.0901.3827,10.1007/s10509-009-0050-6
10.48550/arxiv.2010.13582,10.1016/j.ins.2021.03.068
10.48550/arxiv.2401.09683,10.1103/physrevb.110.195115
10.48550/arxiv.2010.11946,10.1109/ismsit50672.2020.9254585
10.48550/arxiv.1203.0447,10.3150/12-bej448
10.48550/arxiv.0801.1215,10.1111/j.1365-2966.2008.12898.x
10.48550/arxiv.1310.7565,10.1088/0004-6256/147/4/76
10.48550/arxiv.2110.00177,10.1112/plms.12492
10.48550/arxiv.1903.08657,10.1093/mnras/staa302
10.48550/arxiv.gr-qc/0511101,10.1007/978-90-481-2810-5_12
10.48550/arxiv.2105.07878,10.1109/access.2021.3070212
10.48550/arxiv.1808.07780,10.1093/mnras/sty2345
10.48550/arxiv.1810.01095,10.1017/nmj.2019.34
10.48550/arxiv.2101.07807,10.1103/physrevd.104.l021702
10.48550/arxiv.2103.06637,10.1103/physreva.104.013515
10.48550/arxiv.2003.02004,10.3847/1538-4357/ab9308
10.48550/arxiv.1501.02329,10.1364/oe.23.001594
10.48550/arxiv.astro-ph/0503457,10.1086/429991
10.48550/arxiv.hep-ph/0607081,10.1088/0031-8949/2006/t127/025
10.48550/arxiv.0708.3860,10.1088/1367-2630/8/9/172
10.48550/arxiv.2302.02594,10.1007/s10596-023-10243-0
10.48550/arxiv.2409.01302,10.1080/07370024.2025.2475743
10.48550/arxiv.1203.5106,10.1007/jhep07(2012)105
10.48550/arxiv.astro-ph/0507253,10.1051/0004-6361:20052690
10.48550/arxiv.1308.4271,10.1051/0004-6361/201322062
10.48550/arxiv.1810.11778,10.1007/s13369-023-07836-3
10.48550/arxiv.1204.1142,10.1209/0295-5075/98/67006
10.48550/arxiv.1607.01860,10.1103/physrevb.94.134501
10.48550/arxiv.patt-sol/9805007,10.1209/epl/i1998-00315-2
10.48550/arxiv.2003.11487,10.1038/s41377-020-00369-6
10.48550/arxiv.1705.01689,10.1093/comnet/cnx057
10.48550/arxiv.2107.10499,10.1088/0256-307x/39/1/011201
10.48550/arxiv.2107.11288,10.1145/3450550.3465349
10.48550/arxiv.1201.2409,10.1051/0004-6361/201117632
10.48550/arxiv.astro-ph/9806240,10.1063/1.58618
10.48550/arxiv.1706.00541,10.1103/physreva.96.042333
10.48550/arxiv.nucl-th/0207042,10.1016/s0375-9474(02)01501-4
10.48550/arxiv.1401.1645,10.1007/jhep07(2014)105
10.48550/arxiv.0708.3909,10.1103/physreva.77.012113
10.48550/arxiv.astro-ph/0108336,10.1086/324291
10.48550/arxiv.1209.1676,10.1007/s00209-015-1585-6
10.48550/arxiv.1901.11217,10.1093/mnras/stz335
10.48550/arxiv.1409.6615,10.1103/physrevb.93.060503
10.48550/arxiv.1010.3147,10.1090/s0002-9939-2013-11582-0
10.48550/arxiv.1610.04436,10.1016/j.chemphys.2016.10.003
10.48550/arxiv.1704.06237,10.1103/physrevb.96.035134
10.48550/arxiv.1705.05664,10.1007/s13366-019-00456-9
10.48550/arxiv.hep-th/0112050,10.1016/s0370-2693(02)01251-0
10.48550/arxiv.astro-ph/9802242,10.1086/305746
10.48550/arxiv.math-ph/0006013,10.1063/1.1322076
10.48550/arxiv.2309.02095,10.1088/1361-648x/ad1a59
10.48550/arxiv.1805.09643,10.1088/1361-6552/aabca7
10.48550/arxiv.0907.3847,10.1088/1748-0221/4/11/p11019
10.48550/arxiv.1504.00207,10.1016/j.nuclphysb.2015.07.008
10.48550/arxiv.cond-mat/0501717,10.1103/physreve.72.016115
10.48550/arxiv.1001.4009,10.1111/j.1365-2966.2010.16400.x
10.48550/arxiv.hep-ph/0012309,10.1103/physrevd.63.112002
10.48550/arxiv.1603.03423,10.1103/physrevd.93.104026
10.48550/arxiv.1703.05554,10.1103/physreva.95.052331
10.48550/arxiv.1202.1375,10.1111/j.1365-2966.2012.20693.x
10.48550/arxiv.1011.0776,10.1111/j.1365-2966.2011.19245.x
10.48550/arxiv.2102.12826,10.1103/physrevd.105.076005
10.48550/arxiv.1004.5179,10.1109/tc.2010.226
10.48550/arxiv.1709.07128,10.1007/s40879-018-0266-5
10.48550/arxiv.2109.07237,10.1007/jhep12(2021)127
10.48550/arxiv.physics/0011023,10.1103/physreve.68.036703
10.48550/arxiv.1411.3328,10.1088/1475-7516/2015/03/050
10.48550/arxiv.0704.3559,10.1088/1126-6708/2007/07/067
10.48550/arxiv.0712.1995,10.1007/s12036-008-0026-x
10.48550/arxiv.1507.05965,10.1007/jhep04(2016)100
10.48550/arxiv.2309.15897,10.1103/physrevd.111.025013
10.48550/arxiv.1703.01297,10.1103/physreve.96.012709
10.48550/arxiv.2401.11637,10.1142/s0217751x24460011
10.48550/arxiv.cond-mat/9507127,10.1016/0378-4371(95)00374-6
10.48550/arxiv.1203.6052,10.1007/978-1-4614-3323-1_18
10.48550/arxiv.2110.12537,10.1007/jhep01(2022)006
10.48550/arxiv.hep-ph/9903470,10.1016/s0550-3213(99)00413-7
10.48550/arxiv.1402.0407,10.1088/2041-8205/783/1/l23
10.48550/arxiv.1305.4155,10.1140/epjc/s10052-013-2567-7
10.48550/arxiv.1605.08631,10.1051/0004-6361/201527968
10.48550/arxiv.2211.16135,10.1145/3569464
10.48550/arxiv.1708.05956,10.21437/interspeech.2017-1326
10.48550/arxiv.1609.03408,10.1140/epja/i2017-12303-9
10.48550/arxiv.hep-th/0408214,10.1103/physrevd.70.096004
10.48550/arxiv.1004.0480,10.1016/j.chemolab.2011.03.009
10.48550/arxiv.0811.2647,10.1103/physreva.79.012301
10.48550/arxiv.1702.00006,10.1103/physrevlett.118.233901
10.48550/arxiv.2105.09164,10.3847/2041-8213/ac0259
10.48550/arxiv.2209.07464,10.1038/s41550-022-01773-1
10.48550/arxiv.2205.15684,10.1103/physrevd.106.116005
10.48550/arxiv.1405.1114,10.4204/eptcs.150.3
10.48550/arxiv.0904.4315,10.1088/1367-2630/11/5/055054
10.48550/arxiv.physics/0403037,10.1142/s0217751x05031241
10.48550/arxiv.1211.2821,10.1088/0004-637x/776/2/81
10.48550/arxiv.math/0703043,10.3842/sigma.2007.036
10.48550/arxiv.gr-qc/9505022,10.1007/bfb0103573
10.48550/arxiv.physics/0308056,10.1103/physreva.69.042514
10.48550/arxiv.hep-th/0112138,10.1016/s0370-2693(02)01654-4
10.48550/arxiv.2102.09315,10.1007/s10955-022-02884-9
10.48550/arxiv.1007.4341,10.1016/j.physletb.2010.09.063
10.48550/arxiv.1909.11889,10.1007/s10701-019-00298-4
10.48550/arxiv.0901.0565,10.1088/0004-6256/137/3/3541
10.48550/arxiv.1910.12089,10.1093/mnras/stz2992
10.48550/arxiv.2012.05575,10.1051/0004-6361/202039601
10.48550/arxiv.hep-ph/9412345,10.1016/0550-3213(95)00416-p
10.48550/arxiv.2401.12830,10.1016/j.engappai.2024.109266
10.48550/arxiv.0905.4489,10.1103/physreva.80.043410
10.48550/arxiv.1202.3626,10.1051/0004-6361/201118576
10.48550/arxiv.1810.13050,10.1016/j.jalgebra.2019.05.024
10.48550/arxiv.astro-ph/0611214,10.1007/978-3-540-73484-0_44
10.48550/arxiv.1401.6338,10.1109/tit.2014.2329490
10.48550/arxiv.hep-th/0105262,10.1142/s0217732303011198
10.48550/arxiv.1310.4684,10.1088/1751-8113/47/13/135303
10.48550/arxiv.1707.05177,10.1007/s11356-017-9612-2
10.48550/arxiv.2204.09682,10.1007/jhep09(2022)020
10.48550/arxiv.2311.06860,10.1140/epjc/s10052-024-12654-4
10.48550/arxiv.2110.10140,10.1007/jhep11(2021)228
10.48550/arxiv.0806.1225,10.1103/physrevc.79.011901
10.48550/arxiv.1108.4205,10.1088/0067-0049/197/2/26
10.48550/arxiv.1404.1755,10.1039/c4dt00452c
10.48550/arxiv.2102.13554,10.53921/18195822_2022_22_2_29
10.48550/arxiv.1404.5038,10.1093/ptep/ptv155
10.48550/arxiv.0807.3204,10.1117/12.790305
10.48550/arxiv.hep-ph/0403004,10.1103/physrevd.70.077701
10.48550/arxiv.1305.2865,10.5120/10049-4636
10.48550/arxiv.2107.07644,10.1016/j.cpc.2021.108282
10.48550/arxiv.1610.08398,10.1112/s0010437x18007893
10.48550/arxiv.1901.03548,10.1017/jfm.2020.240
10.48550/arxiv.1702.08046,10.1051/0004-6361/201630143
10.48550/arxiv.1903.08271,10.1103/physreve.100.042108
10.48550/arxiv.0910.1208,10.1103/physrevb.79.153304
10.48550/arxiv.quant-ph/0507185,10.1103/physreva.73.013617
10.48550/arxiv.1409.7361,10.1007/jhep01(2015)084
10.48550/arxiv.chem-ph/9502007,10.1103/physreve.53.1725
10.48550/arxiv.hep-ph/9910250,10.1103/physrevd.61.096004
10.48550/arxiv.1201.5617,10.1088/0004-637x/753/1/63
10.48550/arxiv.1506.02817,10.1016/j.physletb.2015.11.054
10.48550/arxiv.2103.15446,10.1145/3393822.3432314
10.48550/arxiv.1401.5332,10.1103/physreve.89.022301
10.48550/arxiv.1505.07509,10.26421/qic16.5-6-3
10.48550/arxiv.cond-mat/9812020,10.1103/physrevb.59.2609
10.48550/arxiv.0911.1280,10.1088/0004-6256/139/2/342
10.48550/arxiv.1001.2739,10.1103/physreva.81.033840
10.48550/arxiv.1810.07398,10.1007/s12043-021-02134-9
10.48550/arxiv.cond-mat/9704109,10.1209/epl/i1997-00260-6
10.48550/arxiv.0904.3433,10.1016/j.endm.2009.07.101
10.48550/arxiv.2109.02687,10.3847/1538-4357/ac1e96
10.48550/arxiv.hep-ph/0405294,10.1142/s0217751x05019749
10.48550/arxiv.1902.04406,10.1155/2019/4026856
10.48550/arxiv.physics/0107077,10.1103/physreve.63.046304
10.48550/arxiv.1410.2840,10.1214/15-aoas896
10.48550/arxiv.astro-ph/0412241,10.1142/s0218271805006559
10.48550/arxiv.1601.06373,10.1002/mma.4249
10.48550/arxiv.1009.1815,10.1103/physrevb.82.184416
10.48550/arxiv.hep-ph/0203199,10.1103/physrevd.65.114023
10.48550/arxiv.1705.06069,10.1103/physreve.96.033203
10.48550/arxiv.1906.04195,10.1051/0004-6361/201935952
10.48550/arxiv.1504.07367,10.1007/s00039-017-0395-x
10.48550/arxiv.cond-mat/0008220,10.1103/physrevb.70.052504
10.48550/arxiv.astro-ph/0301344,10.1046/j.1365-8711.2003.06688.x
10.48550/arxiv.2006.02618,10.1140/epjc/s10052-020-8358-z
10.48550/arxiv.1402.2772,10.1088/1742-5468/2014/11/p11031
10.48550/arxiv.0804.0902,10.1016/j.physa.2008.05.057
10.48550/arxiv.1502.03150,10.5506/aphyspolb.46.931
10.48550/arxiv.2009.14027,10.1103/physrevphyseducres.17.010109
10.48550/arxiv.0906.4080,10.1112/jlms/jdq034
10.48550/arxiv.2006.16964,10.1109/mis.2016.86
10.48550/arxiv.1712.05692,10.1126/scitranslmed.aal5088
10.48550/arxiv.1712.07355,10.7566/jpsj.87.014005
10.48550/arxiv.1101.3151,10.1007/jhep12(2010)033
10.48550/arxiv.1911.03376,10.1103/physrevmaterials.4.064602
10.48550/arxiv.2112.14051,10.4204/eptcs.351.6
10.48550/arxiv.hep-th/9403139,10.1143/ptp.91.839
10.48550/arxiv.1803.09763,10.3847/1538-4357/aab71f
10.48550/arxiv.1910.06833,10.1007/s10955-020-02518-y
10.48550/arxiv.0902.4466,10.1103/physrevd.79.123009
10.48550/arxiv.hep-th/0510107,10.1088/0305-4470/39/11/012
10.48550/arxiv.0908.3717,10.1143/jpsj.78.124004
10.48550/arxiv.hep-ph/0004075,10.1103/physrevd.62.093009
10.48550/arxiv.2311.11951,10.1007/s10773-022-05048-3
10.48550/arxiv.2102.00125,10.1007/s11785-020-01060-9
10.48550/arxiv.1011.2776,10.1016/j.msea.2012.05.011
10.48550/arxiv.2112.15197,10.1103/physreva.105.042804
10.48550/arxiv.astro-ph/9508106,10.1103/physrevd.52.6664
10.48550/arxiv.1602.03909,10.3847/2041-8205/820/1/l1
10.48550/arxiv.math/0506608,10.1007/978-3-7643-7776-2_1
10.48550/arxiv.0707.2273,10.1088/1751-8113/40/42/s02
10.48550/arxiv.astro-ph/0508134,10.1103/physrevd.72.123501
10.48550/arxiv.hep-ph/0007024,10.1007/s006010170001
10.48550/arxiv.1606.03022,10.1038/srep36834
10.48550/arxiv.2102.08391,10.1093/mnras/stab488
10.48550/arxiv.0812.1384,
10.48550/arxiv.astro-ph/0302277,10.1051/0004-6361:20031292
10.48550/arxiv.1703.04568,10.1016/j.jss.2015.01.028
10.48550/arxiv.2101.02951,10.1103/physrevd.103.104010
10.48550/arxiv.1610.08002,10.1007/s00211-017-0910-x
10.48550/arxiv.astro-ph/9905163,10.1051/aas:2000308
10.48550/arxiv.1601.05217,10.1140/epjc/s10052-016-4180-z
10.48550/arxiv.2104.13678,10.1016/j.aim.2022.108680
10.48550/arxiv.1908.09828,10.1109/tits.2020.3032473
10.48550/arxiv.2407.00594,10.1093/pasj/psae061
10.48550/arxiv.1904.05855,10.1177/1081286519865003
10.48550/arxiv.2311.05705,10.1007/s12648-024-03103-9
10.48550/arxiv.1909.01699,10.1093/pasj/psz109
10.48550/arxiv.hep-ph/9708235,10.1103/physrevd.57.1694
10.48550/arxiv.hep-lat/0501003,10.1103/physrevd.71.094012
10.48550/arxiv.hep-th/9902067,10.1103/physrevd.60.044001
10.48550/arxiv.cond-mat/9809165,
10.48550/arxiv.1212.5508,10.1063/1.4797468
10.48550/arxiv.1802.10195,10.1364/optica.4.000809
10.48550/arxiv.cond-mat/0308317,10.1103/physrevb.70.045311
10.48550/arxiv.1510.05624,10.1088/1742-5468/2016/05/054016
10.48550/arxiv.1510.08503,10.1088/0953-4075/49/22/225001
10.48550/arxiv.cond-mat/0111344,10.1103/physrevlett.88.120405
10.48550/arxiv.1605.02016,10.1016/j.physrep.2016.05.001
10.48550/arxiv.2208.10858,10.1145/3552467.3554794
10.48550/arxiv.nlin/0005056,10.1016/s0167-2789(01)00178-6
10.48550/arxiv.cond-mat/0210296,10.1103/physrevlett.90.196403
10.48550/arxiv.1906.10722,10.1007/s11005-020-01310-z
10.48550/arxiv.1510.05673,10.1093/mnras/stv2393
10.48550/arxiv.1108.1325,10.1103/physreve.84.046104
10.48550/arxiv.hep-th/0510255,10.1063/1.2735238
10.48550/arxiv.2103.13327,10.1007/s10957-022-02012-3
10.48550/arxiv.2208.04266,10.1088/1475-7516/2023/02/017
10.48550/arxiv.2004.08594,10.1103/physrevlett.124.156601
10.48550/arxiv.1702.02952,10.1103/physrevb.95.155133
10.48550/arxiv.cond-mat/0610010,10.1103/physreve.74.051707
10.48550/arxiv.1411.5255,10.1109/tvlsi.2014.2371857
10.48550/arxiv.2207.08404,10.1016/j.jnnfm.2021.104570
10.48550/arxiv.2211.01946,10.2352/issn.2694-118x.2021.lim-68
10.48550/arxiv.2006.08584,10.1016/j.indag.2022.12.004
10.48550/arxiv.1810.07018,10.1063/1.5097821
10.48550/arxiv.2502.05104,10.31224/4361
10.48550/arxiv.1506.03597,10.1140/epjst/e2015-50320-7
10.48550/arxiv.2204.00963,10.1145/3524610.3527883
10.48550/arxiv.math/0309285,10.1109/lsp.2001.838216
10.48550/arxiv.1707.09743,10.1007/s11242-015-0573-y
10.48550/arxiv.1201.5578,10.1186/1687-4153-2012-5
10.48550/arxiv.1802.09906,10.1016/j.icarus.2019.05.036
10.48550/arxiv.0904.1223,10.1103/physrevb.79.184512
10.48550/arxiv.0706.0531,10.1515/crelle.2012.024
10.48550/arxiv.1812.06455,10.1145/3297280.3297502
10.48550/arxiv.gr-qc/9709014,10.1103/physrevd.56.r6057
10.48550/arxiv.1305.0998,10.1088/2041-8205/770/1/l9
10.48550/arxiv.2205.02234,10.1103/physrevd.106.095037
10.48550/arxiv.cond-mat/0405056,10.1063/1.1828031
10.48550/arxiv.cond-mat/0501377,10.1103/physrevb.71.165409
10.48550/arxiv.1209.2314,10.1142/s021773231250201x
10.48550/arxiv.2412.15585,10.1017/apr.2021.18
10.48550/arxiv.1407.4929,10.1016/s0034-4877(15)30004-5
10.48550/arxiv.cond-mat/0002112,10.1103/physrevlett.84.6094
10.48550/arxiv.1901.05399,10.1103/physrevd.99.055024
10.48550/arxiv.2301.06614,10.1016/j.dark.2023.101175
10.48550/arxiv.1705.08436,10.1016/j.jmmm.2017.05.064
10.48550/arxiv.2203.04252,10.1016/j.physa.2019.121736
10.48550/arxiv.0809.3722,10.1088/0004-637x/697/2/2102
10.48550/arxiv.cond-mat/0407712,10.1134/1.1825122
10.48550/arxiv.2111.14253,10.3390/axioms11010013
10.48550/arxiv.1212.1245,10.1109/tsp.2013.2280444
10.48550/arxiv.cond-mat/0701693,10.1007/s00339-007-4206-3
10.48550/arxiv.1909.09636,
10.48550/arxiv.1910.00338,10.1103/physreve.100.032138
10.48550/arxiv.1209.2343,10.1039/c3sm27851d
10.48550/arxiv.2103.06282,10.1103/physrevresearch.3.033133
10.48550/arxiv.1606.04092,10.1051/0004-6361/201628816
10.48550/arxiv.2201.07065,10.1140/epjc/s10052-022-10300-5
10.48550/arxiv.astro-ph/0008336,10.1007/978-94-017-3313-7_54
10.48550/arxiv.1401.3275,10.1142/s0217732314501338
10.48550/arxiv.2312.07740,10.3390/s24113372
10.48550/arxiv.1211.1007,10.1088/2041-8205/761/1/l6
10.48550/arxiv.2109.10296,10.1093/mnras/stab2772
10.48550/arxiv.1005.0395,10.1103/physrevd.82.042002
10.48550/arxiv.2206.10601,10.31235/osf.io/2y5vj
10.48550/arxiv.1905.03463,10.1016/j.jeconom.2019.08.017
10.48550/arxiv.0707.1310,10.1086/521271
10.48550/arxiv.2207.03706,10.1051/cocv/2023012
10.48550/arxiv.0803.1796,10.22323/1.096.0013
10.48550/arxiv.astro-ph/0005545,10.1086/312878
10.48550/arxiv.1006.3000,10.1088/0951-7715/24/6/011
10.48550/arxiv.hep-th/0403193,10.1088/1126-6708/2004/05/014
10.48550/arxiv.cond-mat/9910250,10.1103/physreve.62.2510
10.48550/arxiv.1607.08866,10.1103/physreve.94.033005
10.48550/arxiv.1712.07954,10.1007/s00023-019-00767-6
10.48550/arxiv.2203.16193,10.21437/interspeech.2022-373
10.48550/arxiv.0709.4059,10.1103/physreva.78.012348
10.48550/arxiv.0811.2271,
10.48550/arxiv.cond-mat/9603069,10.1209/epl/i1996-00269-3
10.48550/arxiv.1310.6714,10.1007/s10948-012-1431-6
10.48550/arxiv.0802.2148,10.1103/physrevb.77.180512
10.48550/arxiv.hep-th/0511019,10.1088/0305-4470/39/28/s01
10.48550/arxiv.gr-qc/0402079,10.1103/physrevd.70.044031
10.48550/arxiv.astro-ph/9802160,10.1086/311268
10.48550/arxiv.1107.0481,10.1103/physrevb.84.085121
10.48550/arxiv.0710.3912,10.3103/s105513440801001x
10.48550/arxiv.2109.11428,10.1109/tnnls.2021.3105827
10.48550/arxiv.1203.1764,10.1007/s11232-012-0109-3
10.48550/arxiv.1907.06579,10.1112/jlms.12395
10.48550/arxiv.0711.2309,10.1103/physreva.77.051601
10.48550/arxiv.1304.3690,10.1088/1751-8113/46/16/165302
10.48550/arxiv.1410.7629,10.1088/1367-2630/17/2/022003
10.48550/arxiv.1412.3224,
10.48550/arxiv.1604.07318,10.1109/icc.2016.7510960
10.48550/arxiv.cond-mat/0201035,10.1209/epl/i2002-00109-0
10.48550/arxiv.1011.3691,10.1088/1742-6596/284/1/012020
10.48550/arxiv.1608.03539,10.1093/mnras/stw1868
10.48550/arxiv.hep-ph/9608459,10.1103/physrevc.56.1700
10.48550/arxiv.1807.00770,10.4171/jca/45
10.48550/arxiv.1806.09450,10.1142/s0217751x1850118x
10.48550/arxiv.1403.4297,10.1007/jhep01(2015)097
10.48550/arxiv.1310.5894,10.1063/1.4829659
10.48550/arxiv.quant-ph/0611239,10.1119/1.2423040
10.48550/arxiv.nlin/0512007,10.1017/s0022112005008384
10.48550/arxiv.cond-mat/0604623,10.1103/physrevb.74.121301
10.48550/arxiv.1003.3798,
10.48550/arxiv.2001.08019,10.7566/jpsj.89.094001
10.48550/arxiv.1806.11133,10.1093/mnras/sty1738
10.48550/arxiv.0806.0166,10.1209/0295-5075/87/60001
10.48550/arxiv.astro-ph/0307490,10.1086/378611
10.48550/arxiv.1403.0738,10.1109/icassp.2014.6853622
10.48550/arxiv.2212.13522,10.1016/j.jmaa.2023.127519
10.48550/arxiv.2004.12028,10.1111/biom.13424
10.48550/arxiv.1912.00630,10.1021/acsnano.9b08699
10.48550/arxiv.cond-mat/0703545,10.1103/physrevb.77.033409
10.48550/arxiv.1711.05459,10.1134/s0021364018090011
10.48550/arxiv.cond-mat/0001343,10.1103/physrevlett.84.6018
10.48550/arxiv.1606.06256,10.1137/16m1080240
10.48550/arxiv.0705.0524,10.1515/crelle.2009.012
10.48550/arxiv.1212.2983,10.1103/physrevb.87.115144
10.48550/arxiv.0911.2557,10.1103/physrevd.81.106005
10.48550/arxiv.1010.3930,10.1016/j.nima.2011.01.177
10.48550/arxiv.2303.08791,10.1021/acs.nanolett.3c03715
10.48550/arxiv.1405.3877,10.1103/physrevc.90.054911
10.48550/arxiv.0804.0553,10.1016/j.physletb.2008.02.062
10.48550/arxiv.0806.0371,10.1086/591522
10.48550/arxiv.1806.05367,10.1051/0004-6361/201833618
10.48550/arxiv.astro-ph/0604231,10.1111/j.1365-2966.2007.11715.x
10.48550/arxiv.2310.11774,10.1088/1361-648x/ad21a8
10.48550/arxiv.0901.2728,10.1007/s10948-010-1123-z
10.48550/arxiv.gr-qc/0401116,10.1088/1742-6596/68/1/012027
10.48550/arxiv.2112.05525,10.1073/pnas.2121641119
10.48550/arxiv.hep-ph/0107259,10.1103/physrevd.65.013007
10.48550/arxiv.2006.04158,10.1051/epjconf/202024510005
10.48550/arxiv.1610.02204,10.1103/physrevlett.117.036801
10.48550/arxiv.2107.11344,10.1038/s41535-022-00454-6
10.48550/arxiv.1609.09222,10.1007/s10955-017-1761-7
10.48550/arxiv.cond-mat/9508061,
10.48550/arxiv.hep-th/0202188,10.1103/physrevd.66.025030
10.48550/arxiv.1801.03095,10.1051/0004-6361/201732151
10.48550/arxiv.1701.03707,10.1103/physrevlett.118.133901
10.48550/arxiv.1504.02421,10.1209/0295-5075/111/30007
10.48550/arxiv.2006.00048,10.1007/s43546-021-00073-6
10.48550/arxiv.0909.1107,10.1007/978-3-7643-9994-8_6
10.48550/arxiv.0905.3741,10.1088/0004-637x/699/2/l88
10.48550/arxiv.1108.2601,10.1111/j.1365-2966.2011.19589.x
10.48550/arxiv.2008.09315,10.1016/j.robot.2021.103732
10.48550/arxiv.2004.09577,10.1103/physrevresearch.2.033017
10.48550/arxiv.1307.0704,10.1103/physrevlett.112.220602
10.48550/arxiv.astro-ph/0608195,10.1086/512600
10.48550/arxiv.1707.06726,10.3934/dcdss.2020001
10.48550/arxiv.2007.06619,10.1103/physrevresearch.2.043264
10.48550/arxiv.hep-ph/0008149,10.1063/1.1345279
10.48550/arxiv.1408.5239,10.1103/physrevlett.114.095301
10.48550/arxiv.1510.05605,10.1021/acsami.5b07492
10.48550/arxiv.cond-mat/0411055,10.1142/s0129183105007352
10.48550/arxiv.1604.02073,10.1007/s12220-017-9767-6
10.48550/arxiv.1503.04842,10.1103/physrevlett.115.036602
10.48550/arxiv.2405.20172,10.1007/s10489-024-05536-5
10.48550/arxiv.1804.09698,10.3390/e21010049
10.48550/arxiv.1806.00718,10.1073/pnas.1808660115
10.48550/arxiv.0804.2256,10.1063/1.2943545
10.48550/arxiv.1912.08847,10.1109/tgrs.2019.2957251
10.48550/arxiv.astro-ph/0701672,10.1142/9789812834300_0049
10.48550/arxiv.1309.7057,10.1093/mnras/stt2410
10.48550/arxiv.cond-mat/0510044,10.1088/1367-2630/10/5/059801
10.48550/arxiv.1106.5447,10.1103/physreva.84.032124
10.48550/arxiv.1907.00858,10.1016/j.jalgebra.2019.05.038
10.48550/arxiv.hep-lat/0611016,10.1088/1126-6708/2007/01/055
10.48550/arxiv.2302.10941,10.1093/mnrasl/slad074
10.48550/arxiv.1809.08375,10.1364/fio.2018.jtu3a.20
10.48550/arxiv.cond-mat/0209059,10.1016/s0038-1098(02)00498-2
10.48550/arxiv.2212.06852,10.1007/jhep03(2023)035
10.48550/arxiv.1110.2332,10.1103/physreve.85.021601
10.48550/arxiv.hep-ph/0106215,10.1103/physrevd.65.054040
10.48550/arxiv.physics/0610052,10.1007/s10773-008-9693-2
10.48550/arxiv.astro-ph/0603203,10.1111/j.1365-2966.2006.10249.x
10.48550/arxiv.1904.12407,10.1109/icassp.2019.8682510
10.48550/arxiv.1305.2896,10.2140/pjm.2015.277.77
10.48550/arxiv.1409.3390,10.1088/0004-637x/795/1/87
10.48550/arxiv.2207.13571,10.1088/1751-8121/ac91b4
10.48550/arxiv.quant-ph/0405141,10.1103/physreva.70.054301
10.48550/arxiv.1503.02735,10.1109/icc.2015.7249199
10.48550/arxiv.1207.0214,10.1016/j.aop.2013.10.001
10.48550/arxiv.1903.08447,10.1002/smll.201900147
10.48550/arxiv.1508.04437,10.1007/jhep12(2015)145
10.48550/arxiv.0901.2708,10.1103/physrevlett.101.260401
10.48550/arxiv.1205.3830,10.1142/s0129626414500042
10.48550/arxiv.2106.04421,10.1016/j.physa.2022.127745
10.48550/arxiv.1912.12046,10.1140/epjc/s10052-020-7701-8
10.48550/arxiv.1104.2522,10.1063/1.3574943
10.48550/arxiv.1311.1150,10.13189/ujam.2014.020206
10.48550/arxiv.cond-mat/0510750,10.1088/0305-4470/39/23/017
10.48550/arxiv.2012.15861,10.1007/jhep09(2021)017
10.48550/arxiv.1709.00281,10.1021/acs.nanolett.6b02978
10.48550/arxiv.0707.2419,10.1143/ptps.168.397
10.48550/arxiv.hep-ex/0009013,
10.48550/arxiv.0811.0294,10.1088/1742-6596/154/1/012053
10.48550/arxiv.1305.2697,10.1103/physrevc.88.044303
10.48550/arxiv.1302.0584,10.1080/00927872.2020.1797074
10.48550/arxiv.2106.02166,10.1016/j.aop.2022.168792
10.48550/arxiv.1412.6114,10.1017/s1743921316009686
10.48550/arxiv.astro-ph/0601183,10.1051/0004-6361:20053846
10.48550/arxiv.2206.14767,10.1145/3587216.3587222
10.48550/arxiv.0903.1415,10.1103/physreva.79.043830
10.48550/arxiv.1702.07911,10.1186/s13660-017-1392-1
10.48550/arxiv.0809.2128,10.1088/1742-6596/136/2/022008
10.48550/arxiv.1909.11358,10.1109/taes.2021.3067668
10.48550/arxiv.1803.01094,10.21105/joss.00749
10.48550/arxiv.2009.03707,10.1109/tvcg.2022.3174769
10.48550/arxiv.2405.01766,10.1080/00927872.2024.2438729
10.48550/arxiv.2212.06192,10.1093/mnras/stac3690
10.48550/arxiv.2012.05461,10.7566/jpsj.90.014704
10.48550/arxiv.1710.04001,10.1063/1.5018060
10.48550/arxiv.1811.07817,10.1088/1748-0221/14/02/p02016
10.48550/arxiv.quant-ph/0205137,10.1088/1367-2630/4/1/373
10.48550/arxiv.2204.08518,10.3847/2041-8213/acf84f
10.48550/arxiv.1408.1299,
10.48550/arxiv.1604.01829,10.1140/epjst/e2016-60089-7
10.48550/arxiv.1006.5726,10.1111/j.1365-2966.2010.17478.x
10.48550/arxiv.2008.05315,10.1103/physrevd.103.066015
10.48550/arxiv.2010.03953,10.31219/osf.io/uf3pb
10.48550/arxiv.0808.3862,10.1103/physreva.79.052304
10.48550/arxiv.hep-th/0306265,10.1103/physrevd.70.085018
10.48550/arxiv.2101.03084,
10.48550/arxiv.2104.04280,10.1051/0004-6361/202140578
10.48550/arxiv.1707.03415,10.1098/rsta.2017.0115
10.48550/arxiv.2007.13195,10.1007/s00205-020-01601-8
10.48550/arxiv.2111.13776,10.3389/feduc.2023.1018241
10.48550/arxiv.1301.1068,10.1038/nphoton.2013.32
10.48550/arxiv.1806.03117,10.1126/science.aau3539
10.48550/arxiv.1403.1976,10.1016/j.aop.2014.03.010
10.48550/arxiv.astro-ph/0412376,10.1086/427981
10.48550/arxiv.physics/0002020,10.2172/764352
10.48550/arxiv.gr-qc/9608007,10.1103/physrevlett.79.970
10.48550/arxiv.1905.03251,10.1093/mnras/stz1241
10.48550/arxiv.2202.01132,10.1103/physrevd.105.103502
10.48550/arxiv.0708.1526,10.1103/physrevb.76.092109
10.48550/arxiv.0904.3857,10.1103/physrevb.79.220510
10.48550/arxiv.cond-mat/0504045,10.1063/1.2181276
10.48550/arxiv.hep-th/9702196,10.1016/s0550-3213(97)80612-8
10.48550/arxiv.cond-mat/0411125,10.1103/physrevlett.93.250402
10.48550/arxiv.2106.04025,10.1109/icip42928.2021.9506531
10.48550/arxiv.2408.14814,10.1109/icdcs60910.2024.00022
10.48550/arxiv.hep-ph/0107295,10.1007/3-540-36539-7_42
10.48550/arxiv.physics/0502097,10.1103/physrevlett.94.115002
10.48550/arxiv.math-ph/0306054,10.1103/physrevlett.91.143908
10.48550/arxiv.2301.13434,10.1093/mnras/stad2221
10.48550/arxiv.cond-mat/0501586,10.1103/physrevb.71.245106
10.48550/arxiv.1002.4367,10.1103/physrevb.82.041102
10.48550/arxiv.1809.04178,10.3847/1538-4357/aae151
10.48550/arxiv.1102.4456,10.1007/s10773-011-0996-3
10.48550/arxiv.1302.6238,10.1007/jhep08(2013)086
10.48550/arxiv.1002.0830,10.1103/physrevd.81.123013
10.48550/arxiv.quant-ph/9806019,10.1142/s0217751x99001342
10.48550/arxiv.2112.06644,10.1140/epjc/s10052-022-10470-2
10.48550/arxiv.1806.07928,10.3386/w24944
10.48550/arxiv.nucl-th/0602056,10.1140/epja/i2005-10247-3
10.48550/arxiv.1707.04647,10.1016/j.jcp.2018.03.017
10.48550/arxiv.astro-ph/0211469,10.1086/346021
10.48550/arxiv.1711.04816,10.1007/jhep01(2018)154
10.48550/arxiv.1802.07453,10.1016/j.aim.2020.107319
10.48550/arxiv.2208.11725,
10.48550/arxiv.2008.03644,10.1073/pnas.2017646117
10.48550/arxiv.astro-ph/0406071,10.1086/430940
10.48550/arxiv.2404.18812,10.1145/3626772.3657769
10.48550/arxiv.1811.12092,10.1107/s2053273319004820
10.48550/arxiv.2103.02324,10.17798/bitlisfen.1407941
10.48550/arxiv.1410.5549,10.1103/physrevd.90.106001
10.48550/arxiv.1703.08066,10.1063/1.5091570
10.48550/arxiv.astro-ph/0505315,10.1086/431291
10.48550/arxiv.1912.09561,10.1007/s00222-020-01027-9
10.48550/arxiv.1609.07376,10.1088/1361-6668/aa63bc
10.48550/arxiv.2201.07456,
10.48550/arxiv.hep-ph/0605041,10.1016/j.physletb.2007.01.059
10.48550/arxiv.1109.2491,10.1017/s1743921312011544
10.48550/arxiv.hep-ex/0001031,10.1063/1.1361692
10.48550/arxiv.1307.3936,10.1017/s1743921313016025
10.48550/arxiv.hep-ph/0004020,10.1103/physrevd.62.073011
10.48550/arxiv.2103.14053,10.1140/epjp/s13360-023-04160-5
10.48550/arxiv.2208.05880,10.1109/tsp.2023.3240511
10.48550/arxiv.0805.1275,10.1088/1674-4527/9/4/004
10.48550/arxiv.2002.06573,10.3390/universe6050069
10.48550/arxiv.1903.08848,10.1007/s11433-019-9431-9
10.48550/arxiv.1202.4980,10.1103/physrevb.85.155441
10.48550/arxiv.1008.4634,10.1111/j.1745-3933.2010.00901.x
10.48550/arxiv.1911.08631,10.1038/s41467-019-13464-z
10.48550/arxiv.1211.1910,10.1063/1.4819295
10.48550/arxiv.hep-ph/9407318,10.1103/physrevd.51.3340
10.48550/arxiv.1706.05032,10.3847/1538-4357/aa7a10
10.48550/arxiv.1402.1161,10.1103/physreva.89.023804
10.48550/arxiv.hep-th/9911215,10.1016/s0550-3213(99)00805-6
10.48550/arxiv.quant-ph/0112104,10.1007/s006010200010
10.48550/arxiv.astro-ph/0001142,10.1086/309457
10.48550/arxiv.hep-ph/0408122,
10.48550/arxiv.cond-mat/9303033,10.1103/physrevlett.70.2629
10.48550/arxiv.1607.06568,10.1103/physreve.94.062304
10.48550/arxiv.1909.09423,10.1093/mnras/stz2674
10.48550/arxiv.2306.15733,10.1109/iwbf57495.2023.10156877
10.48550/arxiv.astro-ph/0006146,10.1086/317053
10.48550/arxiv.cond-mat/9907169,10.1103/physreva.62.013605
10.48550/arxiv.2307.02548,10.1103/physrevd.108.084051
10.48550/arxiv.hep-ph/9710430,10.1007/bfb0104900
10.48550/arxiv.1102.4134,10.1007/s00205-011-0467-2
10.48550/arxiv.astro-ph/0503074,10.1086/427324
10.48550/arxiv.1805.06547,10.1103/physrevlett.121.226601
10.48550/arxiv.2005.07216,10.3847/1538-4357/aba271
10.48550/arxiv.1802.02036,10.1103/physreve.97.022123
10.48550/arxiv.1802.07234,10.1007/s00229-020-01189-z
10.48550/arxiv.hep-ph/0103022,10.1103/physrevlett.87.011801
10.48550/arxiv.1910.02887,10.1007/s11005-019-01208-5
10.48550/arxiv.physics/9910010,10.1007/0-306-47086-1_61
10.48550/arxiv.1712.01912,10.1063/1.5026318
10.48550/arxiv.1908.07547,10.1093/mnras/stz2017
10.48550/arxiv.hep-th/0211070,10.1103/physrevd.67.065013
10.48550/arxiv.1207.5598,10.1088/1742-6596/402/1/012016
10.48550/arxiv.1711.09547,10.1017/s1743921317009954
10.48550/arxiv.1706.09251,10.1098/rsos.170541
10.48550/arxiv.2205.00122,10.1088/1361-6560/ac92ba
10.48550/arxiv.cond-mat/0607562,10.1021/nl061702a
10.48550/arxiv.math-ph/0603003,10.1088/1126-6708/2006/12/053
10.48550/arxiv.0808.1756,10.1112/jlms/jdp064
10.48550/arxiv.1504.03663,10.1134/s0202289315020097
10.48550/arxiv.0707.2683,10.1143/jpsj.77.013601
10.48550/arxiv.2212.09116,10.1103/physreve.107.065103
10.48550/arxiv.2205.01230,10.1145/3477495.3531722
10.48550/arxiv.1205.5894,10.1016/j.optcom.2010.09.077
10.48550/arxiv.2307.15872,10.1016/j.media.2023.102868
10.48550/arxiv.2408.06777,10.1103/physreva.111.013319
10.48550/arxiv.cond-mat/0303129,10.1140/epje/i2003-10009-7
10.48550/arxiv.hep-th/9207092,10.1007/bf02097230
10.48550/arxiv.cond-mat/0405279,10.1016/j.susc.2004.07.026
10.48550/arxiv.astro-ph/0609504,10.1103/physrevlett.97.151101
10.48550/arxiv.q-bio/0510030,10.1007/11732990_30
10.48550/arxiv.1702.03265,10.1103/physreva.95.053634
10.48550/arxiv.astro-ph/9502050,10.1093/mnras/275.4.1245
10.48550/arxiv.cond-mat/0311379,10.1016/j.physleta.2003.11.025
10.48550/arxiv.2002.10062,10.1007/s11005-021-01408-y
10.48550/arxiv.2210.14200,10.1103/physreva.107.023301
10.48550/arxiv.1702.04958,10.1109/icgse.2017.1
10.48550/arxiv.1711.05436,10.3367/ufne.2016.11.037961
10.48550/arxiv.2501.08346,10.1016/j.commatsci.2025.113664
10.48550/arxiv.1111.5164,10.1063/1.3700765
10.48550/arxiv.2308.09745,10.1103/physrevb.109.195162
10.48550/arxiv.1906.07990,10.1103/physrevlett.124.057404
10.48550/arxiv.1012.2628,10.1109/tit.2011.2137070
10.48550/arxiv.gr-qc/0011107,10.1103/physrevd.63.023006
10.48550/arxiv.2010.09702,10.5802/crmath.172
10.48550/arxiv.2112.12470,10.1016/j.optcom.2022.128197
10.48550/arxiv.1008.1732,10.1088/0004-637x/722/1/625
10.48550/arxiv.hep-ph/9805477,10.1103/physrevd.58.096006
10.48550/arxiv.0812.2067,10.1016/j.physletb.2009.01.022
10.48550/arxiv.2303.10474,10.1016/j.nuclphysa.2023.122726
10.48550/arxiv.1207.3375,
10.48550/arxiv.math-ph/0512083,10.1007/s00220-006-0148-4
10.48550/arxiv.2101.01427,10.1063/5.0050011
10.48550/arxiv.0907.3618,10.1103/physrevd.80.123526
10.48550/arxiv.quant-ph/0207153,10.1103/physreva.66.062102
10.48550/arxiv.1403.1015,10.1088/0031-8949/89/12/125205
10.48550/arxiv.2112.01837,10.1140/epjp/s13360-022-03228-y
10.48550/arxiv.1607.08367,10.1142/s0218202517500476
10.48550/arxiv.1810.08710,10.1016/j.jmps.2018.10.021
10.48550/arxiv.2107.06883,10.1002/adma.202103476
10.48550/arxiv.astro-ph/0410281,10.1088/1475-7516/2005/04/001
10.48550/arxiv.1812.02950,10.1103/physrevd.100.061301
10.48550/arxiv.1208.2188,10.1103/physrevb.86.195308
10.48550/arxiv.astro-ph/9602013,10.1086/117917
10.48550/arxiv.2102.06945,
10.48550/arxiv.1402.6373,10.7566/jpsj.84.034801
10.48550/arxiv.1412.7930,10.1103/physrevlett.114.215501
10.48550/arxiv.1503.03556,10.1038/ncomms8434
10.48550/arxiv.2009.03621,10.1007/s00526-021-01931-9
10.48550/arxiv.cond-mat/0205520,10.1016/j.physa.2003.11.003
10.48550/arxiv.1610.06443,10.1051/epjconf/201714009003
10.48550/arxiv.2211.14045,10.1109/icc45041.2023.10279005
10.48550/arxiv.1812.10412,10.1109/access.2018.2880744
10.48550/arxiv.hep-lat/9311072,10.1103/physreve.49.3855
10.48550/arxiv.hep-th/9306132,10.1103/physrevlett.71.3758
10.48550/arxiv.1301.6077,10.1007/s100510050823
10.48550/arxiv.0709.4220,10.1007/s00159-007-0005-2
10.48550/arxiv.1306.5430,10.1103/physreve.84.041704
10.48550/arxiv.0812.1221,10.1086/593024
10.48550/arxiv.gr-qc/0606088,10.1103/physrevd.75.023004
10.48550/arxiv.2104.03270,10.23919/ecc54610.2021.9655103
10.48550/arxiv.2208.08821,10.1039/d2sm01049f
10.48550/arxiv.cond-mat/0411651,10.1103/physrevb.71.054301
10.48550/arxiv.2412.07313,10.1145/3652583.3658007
10.48550/arxiv.1403.1717,10.1007/1345_2015_179
10.48550/arxiv.1909.08634,10.1103/physrevresearch.2.013124
10.48550/arxiv.0809.5231,10.1142/9789812837592_0027
10.48550/arxiv.1601.00734,10.1016/j.aop.2016.04.006
10.48550/arxiv.2108.05250,10.1088/1361-6544/ac7498
10.48550/arxiv.1312.3726,10.1140/epjc/s10052-014-2834-2
10.48550/arxiv.nucl-th/0209043,10.1103/physrevc.67.068202
10.48550/arxiv.1003.4675,10.1214/10-aop627
10.48550/arxiv.2109.10283,10.1088/1361-648x/ac5b47
10.48550/arxiv.astro-ph/0302393,10.1086/345736
10.48550/arxiv.math-ph/0611052,10.1137/070699184
10.48550/arxiv.hep-ph/9405298,10.1016/0370-2693(94)90703-x
10.48550/arxiv.2102.00517,10.1371/journal.pone.0248780
10.48550/arxiv.1909.00212,10.1364/josab.37.000203
10.48550/arxiv.1910.10213,10.1016/j.spl.2020.108856
10.48550/arxiv.1709.08451,10.1103/physrevlett.119.124501
10.48550/arxiv.1605.06518,10.1364/josab.34.001536
10.48550/arxiv.2005.02351,10.1016/j.physa.2020.124464
10.48550/arxiv.1912.12160,10.1007/s00205-020-01582-8
10.48550/arxiv.1201.0755,10.1088/0004-637x/759/2/135
10.48550/arxiv.1511.00713,10.1007/jhep01(2016)113
10.48550/arxiv.1603.03094,10.1093/mnras/stw592
10.48550/arxiv.2106.14439,10.1109/tmm.2021.3087007
10.48550/arxiv.1510.06545,10.1016/j.jalgebra.2016.04.035
10.48550/arxiv.astro-ph/0610533,10.1017/s1743921307001536
10.48550/arxiv.0712.3518,10.1103/physrevd.77.124009
10.48550/arxiv.1309.4897,10.1103/physreva.89.022511
10.48550/arxiv.1411.7586,
10.48550/arxiv.2212.13957,10.1007/jhep03(2023)084
10.48550/arxiv.2312.09696,10.1093/mnras/stad3488
10.48550/arxiv.2201.05743,10.1109/bigdata52589.2021.9671505
10.48550/arxiv.1812.06724,10.1093/mnras/stz439
10.48550/arxiv.1807.03892,10.1007/s00348-018-2655-4
10.48550/arxiv.1911.09847,10.1109/lsp.2020.3000968
10.48550/arxiv.hep-lat/0503007,10.22323/1.020.0051
10.48550/arxiv.hep-ph/9602426,10.1016/0550-3213(96)00252-0
10.48550/arxiv.1905.02986,10.1063/1.5115539
10.48550/arxiv.1310.8379,10.1063/1.4886125
10.48550/arxiv.2403.16514,10.1145/3637366
10.48550/arxiv.1801.05266,10.1142/s2424942417500025
10.48550/arxiv.cond-mat/0002371,10.1103/physrevb.62.5324
10.48550/arxiv.0802.0842,10.1016/j.physa.2008.09.019
10.48550/arxiv.2402.08558,10.21606/drs.2022.807
10.48550/arxiv.1402.3983,10.1051/0004-6361/201322760
10.48550/arxiv.0810.4621,10.1088/0004-6256/137/1/383
10.48550/arxiv.1306.2855,10.1088/0004-637x/772/1/32
10.48550/arxiv.0903.2295,10.1142/9789814295840_0003
10.48550/arxiv.1010.2010,10.1103/physrevd.85.095008
10.48550/arxiv.2008.09835,
10.48550/arxiv.astro-ph/0607628,10.1111/j.1365-2966.2006.11311.x
10.48550/arxiv.0804.0859,10.1103/physreve.78.011911
10.48550/arxiv.hep-ph/9907509,10.1016/s0550-3213(99)00784-1
10.48550/arxiv.2007.02584,10.1103/physrevlett.126.244502
10.48550/arxiv.1811.04813,10.1103/physreva.99.022305
10.48550/arxiv.quant-ph/9506014,10.1016/0034-4877(96)83622-6
10.48550/arxiv.1301.5856,10.1007/jhep04(2013)163
10.48550/arxiv.2009.04193,10.1088/1674-4527/21/3/065
10.48550/arxiv.gr-qc/0301099,10.1103/physreve.69.016214
10.48550/arxiv.cond-mat/0601478,10.1209/0295-5075/77/27007
10.48550/arxiv.cond-mat/0312308,10.1063/1.1703841
10.48550/arxiv.1405.0111,10.1007/s13348-015-0154-y
10.48550/arxiv.1706.07813,10.1007/jhep02(2018)081
10.48550/arxiv.1904.06112,10.1021/acsearthspacechem.9b00029
10.48550/arxiv.2307.13354,10.1063/1.5030657
10.48550/arxiv.2501.17528,10.1103/physrevmaterials.9.l011001
10.48550/arxiv.1312.3141,10.14569/ijacsa.2013.041116
10.48550/arxiv.0809.1100,10.1088/1475-7516/2009/10/006
10.48550/arxiv.hep-th/9509141,10.1016/0370-2693(95)01272-9
10.48550/arxiv.2306.03193,10.1177/10812865231193735
10.48550/arxiv.1604.04982,10.3847/0004-637x/823/2/136
10.48550/arxiv.1303.3119,10.1007/jhep05(2013)123
10.48550/arxiv.1002.4448,10.1016/j.physletb.2010.06.002
10.48550/arxiv.1507.07399,10.1016/j.physletb.2015.09.052
10.48550/arxiv.2011.05483,10.1093/ptep/ptab067
10.48550/arxiv.0712.0046,10.1051/0004-6361:20079177
10.48550/arxiv.0806.0484,
10.48550/arxiv.2407.11810,10.1007/s40314-025-03141-x
10.48550/arxiv.hep-th/9609155,10.1016/s0370-2693(96)01669-3
10.48550/arxiv.0712.0553,10.1016/j.icarus.2007.11.035
10.48550/arxiv.1907.12308,10.1002/cpa.21926
10.48550/arxiv.1004.1094,10.1103/physrevc.81.064602
10.48550/arxiv.1202.2418,10.1103/physreva.85.053824
10.48550/arxiv.astro-ph/9910548,10.1086/308572
10.48550/arxiv.1408.2589,10.1103/physrevd.90.065019
10.48550/arxiv.1904.10480,10.1103/physrevlett.122.133601
10.48550/arxiv.1507.03118,10.1103/physrevb.92.075129
10.48550/arxiv.cond-mat/0510380,10.1103/physrevb.74.054510
10.48550/arxiv.hep-ex/0502042,10.1016/j.nima.2006.09.090
10.48550/arxiv.1508.04423,10.1088/0004-637x/811/2/81
10.48550/arxiv.1908.09305,10.1103/physrevapplied.12.044062
10.48550/arxiv.2312.09878,10.1093/gji/ggy297
10.48550/arxiv.2202.03765,10.1088/1751-8121/ac9438
10.48550/arxiv.1710.11621,10.1007/s10955-018-1994-0
10.48550/arxiv.hep-th/0607172,10.1016/j.physletb.2006.09.009
10.48550/arxiv.1912.01874,10.1103/physreve.101.062422
10.48550/arxiv.2310.11931,10.1145/3583780.3615187
10.48550/arxiv.cond-mat/0205161,10.1103/physreve.67.036606
10.48550/arxiv.2004.12607,10.1103/physrevlett.125.017401
10.48550/arxiv.0910.4859,10.1088/0004-637x/707/1/844
10.48550/arxiv.1506.05345,10.1007/978-3-319-39339-1_3
10.48550/arxiv.1704.05679,10.1140/epjst/e2017-70052-8
10.48550/arxiv.math-ph/0304022,10.1007/s00220-003-0979-1
10.48550/arxiv.2105.14626,10.1070/sm9623
10.48550/arxiv.1104.3496,10.1103/physrevd.83.115024
10.48550/arxiv.cond-mat/0703444,10.1103/physrevb.76.184421
10.48550/arxiv.2006.07209,10.1101/2020.07.05.20146837
10.48550/arxiv.2109.04678,10.1051/0004-6361/202141460
10.48550/arxiv.1701.02754,10.1088/1475-7516/2017/05/043
10.48550/arxiv.2006.15371,10.1021/acs.jctc.0c00666
10.48550/arxiv.2011.09014,10.1016/j.physletb.2021.136151
10.48550/arxiv.2312.11002,10.1016/j.ssc.2023.115414
10.48550/arxiv.1908.04711,10.1039/c9nr07927k
10.48550/arxiv.0711.4221,10.1063/1.2931700
10.48550/arxiv.0801.0021,10.1103/physrevb.77.155116
10.48550/arxiv.1409.5534,10.1103/physrevlett.113.156801
10.48550/arxiv.1604.03574,10.1007/jhep07(2016)131
10.48550/arxiv.hep-ph/9603206,10.1016/0550-3213(96)00237-4
10.48550/arxiv.cond-mat/9601011,10.1209/epl/i1996-00468-4
10.48550/arxiv.1803.00209,10.1103/physrevd.97.123510
10.48550/arxiv.hep-th/9210157,10.1007/bf01553014
10.48550/arxiv.1003.4664,10.1063/1.3575027
10.48550/arxiv.1704.03492,10.1007/jhep11(2017)074
10.48550/arxiv.astro-ph/0009061,10.1016/s0370-1573(00)00110-1
10.48550/arxiv.1710.07219,10.1051/epjconf/201817514016
10.48550/arxiv.1305.0660,
10.48550/arxiv.0803.2239,10.1111/j.1365-2966.2008.13521.x
10.48550/arxiv.1408.2594,10.1016/j.aop.2014.09.025
10.48550/arxiv.0709.2609,10.1021/jp073413w
10.48550/arxiv.1406.3333,10.1103/physrevc.90.034907
10.48550/arxiv.cond-mat/9806365,10.1103/physrevlett.81.4240
10.48550/arxiv.hep-th/9902038,10.1016/s0550-3213(99)00267-9
10.48550/arxiv.1907.00514,10.21468/scipostphys.8.1.009
10.48550/arxiv.2210.11984,10.1007/s12559-024-10339-4
10.48550/arxiv.1410.6705,10.1017/s0004972715000040
10.48550/arxiv.gr-qc/0608029,10.1063/1.2720445
10.48550/arxiv.1603.08763,10.1007/s00021-016-0288-z
10.48550/arxiv.2211.11169,10.1007/s00285-024-02081-0
10.48550/arxiv.2204.08911,10.1103/physrevb.105.195302
10.48550/arxiv.1312.1360,10.1093/mnras/stt2356
10.48550/arxiv.cond-mat/0401380,10.1103/physreve.69.051501
10.48550/arxiv.2007.01209,10.1073/pnas.2022377118
10.48550/arxiv.1707.05660,10.14704/nq.2012.10.2.507
10.48550/arxiv.1601.04025,10.1017/etds.2017.39
10.48550/arxiv.0704.3891,10.1088/1126-6708/2007/08/051
10.48550/arxiv.1207.3364,
10.48550/arxiv.1304.7438,10.1103/physrevd.88.014043
10.48550/arxiv.gr-qc/0412050,10.1142/s0217732305018104
10.48550/arxiv.1701.04751,10.1051/0004-6361/201629154
10.48550/arxiv.nucl-ex/0406005,
10.48550/arxiv.0804.4295,10.1103/physrevd.78.066018
10.48550/arxiv.1408.3307,10.1088/0954-3899/43/2/025003
10.48550/arxiv.1109.0330,10.1088/0264-9381/28/23/235008
10.48550/arxiv.0905.3206,10.1103/physrevc.80.024301
10.48550/arxiv.hep-ph/0211236,10.1140/epjc/s2002-01123-1
10.48550/arxiv.2301.09727,10.3847/1538-4357/acc179
10.48550/arxiv.2003.10021,10.3390/instruments4010002
10.48550/arxiv.astro-ph/9308046,10.1093/mnras/271.3.706
10.48550/arxiv.1203.6525,10.1088/0264-9381/30/8/082001
10.48550/arxiv.2001.03406,10.1103/physrevresearch.2.033324
10.48550/arxiv.quant-ph/0104131,10.1103/physrevlett.86.5845
10.48550/arxiv.hep-th/0403089,10.1016/j.physletb.2004.07.023
10.48550/arxiv.cond-mat/0410323,10.1103/physrevlett.94.130403
10.48550/arxiv.hep-ph/0209108,10.1140/epjc/s2002-01095-0
10.48550/arxiv.quant-ph/0612148,10.1103/physreve.75.066613
10.48550/arxiv.physics/0510055,10.1140/epjb/e2006-00142-9
10.48550/arxiv.1611.01019,10.1007/s10714-016-2148-9
10.48550/arxiv.2009.13846,10.1103/physrevd.102.114507
10.48550/arxiv.astro-ph/0703308,10.1086/518025
10.48550/arxiv.2101.04439,10.1021/acsnano.0c07198
10.48550/arxiv.2208.02477,10.3847/1538-4357/ac8662
10.48550/arxiv.1712.02932,10.1016/j.jcp.2016.01.006
10.48550/arxiv.hep-th/0502057,10.1103/physrevd.71.083516
10.48550/arxiv.0712.3728,10.1088/1367-2630/10/3/033025
10.48550/arxiv.2305.18169,10.18653/v1/2023.acl-short.59
10.48550/arxiv.1511.03533,10.1007/s10100-016-0437-8
10.48550/arxiv.1101.5557,10.1103/physrevc.83.054001
10.48550/arxiv.1008.3397,10.1088/0004-637x/728/1/55
10.48550/arxiv.astro-ph/0411419,10.1007/978-1-4020-3407-7_80
10.48550/arxiv.cond-mat/0601351,10.1016/j.cpc.2005.03.101
10.48550/arxiv.2205.03456,10.1007/s00209-022-03110-8
10.48550/arxiv.1910.03926,10.1088/1742-5468/ab6845
10.48550/arxiv.1110.6732,10.1103/physrevb.84.235440
10.48550/arxiv.1210.2404,10.1007/jhep12(2012)120
10.48550/arxiv.1102.2951,10.1111/j.1365-2966.2011.18265.x
10.48550/arxiv.2101.11768,10.1209/0295-5075/133/60002
10.48550/arxiv.1803.01382,10.1088/1361-648x/ab1831
10.48550/arxiv.1406.0114,10.1063/1.4890660
10.48550/arxiv.nucl-th/9807079,10.1103/physrevc.60.064306
10.48550/arxiv.1710.06687,10.1051/swsc/2017022
10.48550/arxiv.2107.02808,10.3390/e23070872
10.48550/arxiv.1808.10179,10.1093/mnrasl/sly160
10.48550/arxiv.1002.0288,10.1111/j.1365-2966.2010.16447.x
10.48550/arxiv.astro-ph/0311633,10.1086/381927
10.48550/arxiv.2212.01003,10.1093/mnras/stac3572
10.48550/arxiv.1907.05960,10.1214/19-ecp283
10.48550/arxiv.1604.01210,10.1186/s12859-016-1203-6
10.48550/arxiv.2002.10839,10.1140/epjc/s10052-020-8325-8
10.48550/arxiv.1106.4402,10.1088/1367-2630/13/6/063036
10.48550/arxiv.0911.1722,10.1103/physreva.81.063607
10.48550/arxiv.2301.08710,10.3847/1538-4357/acb337
10.48550/arxiv.1909.11961,10.1039/c9sm01730e
10.48550/arxiv.1902.09515,10.1103/physrevb.104.045308
10.48550/arxiv.2104.04654,10.1109/igarss47720.2021.9553596
10.48550/arxiv.2009.10641,10.1007/s13171-021-00245-4
10.48550/arxiv.1804.03377,10.1093/mnras/sty897
10.48550/arxiv.2004.05818,10.3847/1538-4357/ab88a1
10.48550/arxiv.1902.02861,
10.48550/arxiv.2004.00030,10.1007/jhep07(2020)162
10.48550/arxiv.2205.07602,
10.48550/arxiv.cond-mat/0606046,10.1103/physrevlett.97.110404
10.48550/arxiv.2006.10041,10.1051/0004-6361/202038685
10.48550/arxiv.1607.03536,10.1140/epjc/s10052-016-4406-0
10.48550/arxiv.cond-mat/0209162,10.1209/epl/i2003-00142-5
10.48550/arxiv.1905.03386,10.1142/s021919972150070x
10.48550/arxiv.0904.0085,10.1140/epjc/s10052-009-1185-x
10.48550/arxiv.1611.05133,10.3847/1538-4357/834/1/33
10.48550/arxiv.1012.0472,10.1103/physrevb.83.060414
10.48550/arxiv.0901.3034,10.1051/0004-6361/200810904
10.48550/arxiv.hep-th/0606082,
10.48550/arxiv.1611.05758,10.1126/science.aaf6807
10.48550/arxiv.1611.08613,10.1007/jhep08(2017)141
10.48550/arxiv.2102.08415,10.1109/isgt49243.2021.9372159
10.48550/arxiv.0906.3463,10.1103/physrevc.80.014904
10.48550/arxiv.astro-ph/0512194,10.1111/j.1745-3933.2006.00135.x
10.48550/arxiv.cond-mat/0602681,10.1103/physrevb.73.125114
10.48550/arxiv.1707.00301,10.1093/mnras/stx1678
10.48550/arxiv.astro-ph/9805140,10.1007/978-3-540-49460-7_3
10.48550/arxiv.2106.03698,10.1140/epje/s10189-021-00046-5
10.48550/arxiv.math-ph/0506072,10.1088/0305-4470/38/42/003
10.48550/arxiv.hep-ph/9409337,10.1016/0370-2693(94)01356-h
10.48550/arxiv.1102.2340,10.1088/1475-7516/2011/04/005
10.48550/arxiv.1709.07043,10.1364/cleo_qels.2018.ff2l.7
10.48550/arxiv.1507.00525,10.1109/tro.2009.2019886
10.48550/arxiv.hep-th/9704090,10.1007/s002200050333
10.48550/arxiv.1008.4428,10.1103/physreva.83.013625
10.48550/arxiv.2401.01930,10.1007/jhep02(2024)174
10.48550/arxiv.nucl-th/9608028,10.1016/s0370-2693(96)80001-3
10.48550/arxiv.1910.11218,10.13053/cys-23-3-3265
10.48550/arxiv.1802.09325,10.1112/jlms.12221
10.48550/arxiv.2008.00583,10.46298/lmcs-17(3:16)2021
10.48550/arxiv.hep-th/9807180,10.1088/0305-4470/32/12/017
10.48550/arxiv.hep-ph/0102045,
10.48550/arxiv.1708.02878,10.1007/s11005-018-1062-3
10.48550/arxiv.0911.5408,10.1063/1.3475156
10.48550/arxiv.2208.08450,10.1093/mnras/stac2391
10.48550/arxiv.astro-ph/9812294,10.1086/307234
10.48550/arxiv.0810.2209,10.1142/s021827180901442x
10.48550/arxiv.cond-mat/0403534,10.1088/0953-8984/16/50/005
10.48550/arxiv.cond-mat/9611088,10.1103/physrevb.55.10661
10.48550/arxiv.cond-mat/9911219,10.1088/0268-1242/14/9/314
10.48550/arxiv.2301.02259,10.1007/jhep07(2023)122
10.48550/arxiv.0709.3982,10.1088/1742-5468/2007/11/p11015
10.48550/arxiv.2502.03889,10.1063/5.0253282
10.48550/arxiv.2006.12600,10.22541/au.159324852.27178399
10.48550/arxiv.2103.16008,10.1016/j.joi.2021.101154
10.48550/arxiv.1809.05129,10.1007/jhep01(2019)103
10.48550/arxiv.1412.1694,10.1103/physrevlett.114.016405
10.48550/arxiv.2401.03521,10.1364/oe.520438
10.48550/arxiv.1904.12854,10.1093/mnras/staa211
10.48550/arxiv.2410.03690,10.1109/uemcon62879.2024.10754763
10.48550/arxiv.hep-ph/0512304,10.1088/1126-6708/2006/11/018
10.48550/arxiv.astro-ph/0403608,10.1086/422841
10.48550/arxiv.2303.07339,10.1093/mnras/stad2659
10.48550/arxiv.1708.08798,10.1063/1.5002094
10.48550/arxiv.cond-mat/9606223,10.1103/physrevlett.78.3983
10.48550/arxiv.2209.02074,10.1007/jhep12(2022)056
10.48550/arxiv.2006.09975,10.1080/03610926.2013.823207
10.48550/arxiv.1402.5979,10.1007/s11554-015-0492-8
10.48550/arxiv.1906.09101,10.1016/j.physletb.2019.134854
10.48550/arxiv.1904.12815,10.1103/physrevd.100.114023
10.48550/arxiv.2103.01962,10.3847/2041-8213/ac024e
10.48550/arxiv.2307.02781,10.1093/biomtc/ujae131
10.48550/arxiv.1701.01460,10.1007/s00013-017-1114-4
10.48550/arxiv.1510.03433,10.1007/jhep12(2015)029
10.48550/arxiv.hep-ph/0606304,10.1103/physrevd.75.014023
10.48550/arxiv.hep-th/9710102,10.1016/s0920-5632(98)00169-8
10.48550/arxiv.2204.02756,10.1103/physrevd.105.114513
10.48550/arxiv.2010.06255,10.1109/mgrs.2021.3072992
10.48550/arxiv.1507.08882,10.1103/physrevd.92.065024
10.48550/arxiv.2003.01353,10.1029/2020ea001471
10.48550/arxiv.2402.11179,10.2139/ssrn.4807641
10.48550/arxiv.1808.07078,10.3847/1538-4357/ab01fd
10.48550/arxiv.1002.1695,10.1007/s00220-011-1204-2
10.48550/arxiv.1012.0490,10.1142/s0129065711002742
10.48550/arxiv.2412.06752,10.1021/acsnano.4c10223
10.48550/arxiv.nucl-th/0607025,10.1063/1.2218236
10.48550/arxiv.2201.13449,10.1016/j.nuclphysa.2022.122451
10.48550/arxiv.1207.6258,10.1103/physrevd.86.103007
10.48550/arxiv.1703.02525,10.1007/jhep12(2017)078
10.48550/arxiv.0901.1950,10.1088/1126-6708/2009/11/040
10.48550/arxiv.1504.04288,
10.48550/arxiv.2008.08629,
10.48550/arxiv.cond-mat/0509538,10.1063/1.2171782
10.48550/arxiv.cond-mat/9806132,10.1103/physrevb.59.10980
10.48550/arxiv.1011.2905,10.1214/09-aoas317
10.48550/arxiv.1009.5287,10.1038/nphys1821
10.48550/arxiv.2206.02584,10.1109/mits.2022.3181557
10.48550/arxiv.1407.6157,10.1051/0004-6361/201424231
10.48550/arxiv.2102.13215,10.1140/epjd/s10053-022-00440-4
10.48550/arxiv.1412.3867,10.1103/physreva.91.053851
10.48550/arxiv.1608.02603,10.1103/physrevd.94.054029
10.48550/arxiv.2205.12773,10.1103/physrevd.106.054036
10.48550/arxiv.1512.08941,10.1051/epjconf/201611305008
10.48550/arxiv.1704.06202,10.1038/s41928-018-0058-4
10.48550/arxiv.1304.4612,10.1103/physrevb.87.214201
10.48550/arxiv.1008.4170,10.22323/1.100.0051
10.48550/arxiv.1011.1554,10.1016/j.physletb.2011.01.033
10.48550/arxiv.2005.03317,10.1051/0004-6361/202037899
10.48550/arxiv.hep-ph/9809556,10.1142/s0217732399000493
10.48550/arxiv.nucl-th/9705020,10.1103/physrevc.57.r479
10.48550/arxiv.hep-lat/0601008,
10.48550/arxiv.1612.05961,10.1051/epjconf/201713705004
10.48550/arxiv.1607.08208,10.1103/physrevd.95.123511
10.48550/arxiv.1310.7395,10.1007/s10714-015-1858-8
10.48550/arxiv.math-ph/0204029,10.1063/1.1483376
10.48550/arxiv.0803.4180,10.1103/physrevd.78.036003
10.48550/arxiv.1608.03069,10.1007/s11222-017-9773-3
10.48550/arxiv.1605.04309,10.1051/0004-6361/201527971
10.48550/arxiv.astro-ph/9712025,10.1051/aas:1998365
10.48550/arxiv.1810.09605,10.1016/j.infsof.2019.04.013
10.48550/arxiv.2402.01071,10.14778/3681954.3682014
10.48550/arxiv.1809.08384,10.2969/jmsj/82278227
10.48550/arxiv.astro-ph/0411394,10.1103/physrevlett.94.161301
10.48550/arxiv.1608.06396,10.1021/acs.jctc.6b00809
10.48550/arxiv.1003.0626,10.1051/0004-6361/200913785
10.48550/arxiv.hep-ph/0302190,10.1016/s0370-2693(03)00331-9
10.48550/arxiv.1610.02282,10.1103/physreve.95.012402
10.48550/arxiv.1603.04215,10.3329/jsr.v8i2.25057
10.48550/arxiv.1710.07936,10.1088/1742-5468/aab50e
10.48550/arxiv.1910.05410,10.3390/app10041430
10.48550/arxiv.1009.2606,10.1088/1367-2630/13/11/113021
10.48550/arxiv.2112.08057,10.3389/fchem.2021.754487
10.48550/arxiv.astro-ph/0410655,10.1086/426933
10.48550/arxiv.1606.08935,10.1088/1361-6544/aa6d93
10.48550/arxiv.1607.02490,10.1117/12.2231707
10.48550/arxiv.1511.02114,10.1088/2399-6528/aab8e0
10.48550/arxiv.1910.03710,10.1093/mnras/stz2858
