input_doi,matched_doi,confidence,matched_doi_type,matched_in_openalex
10.48550/arxiv.2303.05746,10.1137/22m150397x,0.8503,journal-article,FALSE
10.48550/arxiv.2110.03037,10.1109/icra46639.2022.9812068,1,proceedings-article,TRUE
10.48550/arxiv.2009.01533,10.1039/d0nr05852a,0.9554,journal-article,FALSE
10.48550/arxiv.1708.07070,10.1111/sjos.12494,0.9875,journal-article,TRUE
10.48550/arxiv.1409.8334,10.1007/s00233-023-10355-0,0.875,journal-article,TRUE
10.48550/arxiv.2207.03218,10.3233/asy-231828,0.9958,journal-article,TRUE
10.48550/arxiv.1511.06750,10.1214/18-ejs1430,0.9708,journal-article,TRUE
10.48550/arxiv.1402.2492,10.2139/ssrn.2394063,1,journal-article,TRUE
10.48550/arxiv.hep-ph/9906427,10.22323/1.002.0010,1,proceedings-article,FALSE
10.48550/arxiv.2504.16630,10.2139/ssrn.4072421,0.8688,journal-article,FALSE
10.48550/arxiv.1901.02808,10.1007/978-3-030-20981-0_4,1,book-chapter,TRUE
10.48550/arxiv.2002.05970,10.1287/opre.2020.1984,1,journal-article,TRUE
10.48550/arxiv.2401.17736,10.1007/978-3-031-53827-8_27,1,book-chapter,FALSE
10.48550/arxiv.2206.12475,10.1142/s2661339522500123,1,journal-article,TRUE
10.48550/arxiv.2104.00468,10.3390/math9121391,0.8849,journal-article,FALSE
10.48550/arxiv.2401.08970,10.3847/2041-8213/ad1e6c,0.9906,journal-article,TRUE
10.48550/arxiv.2109.02184,10.1609/aaai.v36i5.20404,0.9001,journal-article,FALSE
10.48550/arxiv.1004.2372,10.1145/1841909.1841911,1,journal-article,TRUE
10.48550/arxiv.0812.2047,10.1016/j.jde.2009.07.007,1,journal-article,TRUE
10.48550/arxiv.1902.04756,10.1088/1674-1137/abb4c8,0.8858,journal-article,FALSE
10.48550/arxiv.1809.06488,10.1145/3269206.3272012,1,proceedings-article,TRUE
10.48550/arxiv.2207.01599,10.1007/978-3-031-31420-9_3,1,book-chapter,TRUE
10.48550/arxiv.math/0702870,10.1007/s00209-007-0153-0,1,journal-article,TRUE
10.48550/arxiv.2111.03928,10.1109/jphot.2021.3126873,1,journal-article,TRUE
10.48550/arxiv.1806.02877,10.1109/wifs.2018.8630787,0.9373,proceedings-article,FALSE
10.48550/arxiv.2405.01979,10.1109/tcomm.2025.3558504,1,journal-article,FALSE
10.48550/arxiv.1704.05598,10.1080/03605302.2018.1446163,1,journal-article,TRUE
10.48550/arxiv.2110.07485,10.1016/j.spasta.2022.100658,1,journal-article,TRUE
10.48550/arxiv.2102.01580,10.1016/j.jcp.2022.111262,1,journal-article,TRUE
10.48550/arxiv.1901.09569,10.1007/s10035-019-0914-6,1,journal-article,TRUE
10.48550/arxiv.2403.06967,10.1137/24m1645681,1,journal-article,FALSE
10.48550/arxiv.0711.0344,10.1007/978-3-540-77442-6_3,0.9758,book-chapter,FALSE
10.48550/arxiv.math/9407209,10.1007/s002080050050,0.9875,journal-article,TRUE
10.48550/arxiv.2112.02406,10.1016/j.ins.2024.120558,0.9719,journal-article,TRUE
10.48550/arxiv.2410.20987,10.1103/physrevb.111.075125,0.997,journal-article,TRUE
10.48550/arxiv.1908.05800,10.1137/19m129783x,1,journal-article,TRUE
10.48550/arxiv.0910.0098,10.1080/00927870903386460,1,journal-article,TRUE
10.48550/arxiv.1105.3266,10.3182/20110828-6-it-1002.01430,1,journal-article,TRUE
10.48550/arxiv.1808.02051,10.1016/j.ejc.2020.103092,1,journal-article,FALSE
10.48550/arxiv.1509.00669,10.1007/s00026-018-0410-4,0.9875,journal-article,FALSE
10.48550/arxiv.0706.2537,10.1088/0256-307x/25/12/015,0.9864,journal-article,TRUE
10.48550/arxiv.2406.13316,10.1109/icip51287.2024.10647654,1,proceedings-article,TRUE
10.48550/arxiv.physics/0506224,10.2139/ssrn.755384,1,journal-article,TRUE
10.48550/arxiv.2206.06931,10.1109/cvpr52688.2022.00319,1,proceedings-article,TRUE
10.48550/arxiv.2002.08611,10.1109/jsac.2020.3000809,0.954,journal-article,TRUE
10.48550/arxiv.2306.04959,10.1145/3637528.3671545,0.9654,proceedings-article,FALSE
10.48550/arxiv.2307.14171,10.1016/j.ultramic.2023.113829,1,journal-article,TRUE
10.48550/arxiv.1604.01334,10.1016/j.aim.2017.08.022,1,journal-article,TRUE
10.48550/arxiv.2007.09166,10.12775/tmna.2020.039,1,journal-article,TRUE
10.48550/arxiv.1912.09245,10.3389/fphot.2022.932944,0.9383,journal-article,FALSE
10.48550/arxiv.2306.16422,10.1007/s00245-024-10184-9,1,journal-article,FALSE
10.48550/arxiv.2110.11791,10.4171/pm/2069,1,journal-article,TRUE
10.48550/arxiv.0909.3790,10.1007/978-3-642-14455-4_8,0.8828,book-chapter,FALSE
10.48550/arxiv.1206.0787,10.1007/s10688-015-0099-7,0.9688,journal-article,FALSE
10.48550/arxiv.2010.03746,10.18653/v1/2020.emnlp-main.372,1,proceedings-article,TRUE
10.48550/arxiv.2406.19524,10.1002/sim.70029,1,journal-article,TRUE
10.48550/arxiv.1311.2418,10.7146/math.scand.a-22237,1,journal-article,TRUE
10.48550/arxiv.2109.12363,10.1109/embc46164.2021.9630350,1,proceedings-article,TRUE
10.48550/arxiv.1505.00353,10.1109/tpami.2017.2728065,0.9761,journal-article,TRUE
10.48550/arxiv.hep-th/0007071,10.4310/atmp.2000.v4.n2.a5,1,journal-article,TRUE
10.48550/arxiv.1507.01400,10.1515/9783110430417-011,0.994,book-chapter,TRUE
10.48550/arxiv.1806.09573,10.1109/cvpr.2019.00575,1,proceedings-article,TRUE
10.48550/arxiv.math/0406565,10.1007/bf02829847,1,journal-article,TRUE
10.48550/arxiv.2310.12160,10.3390/sym15101932,0.9939,journal-article,FALSE
10.48550/arxiv.1710.04744,10.1109/iccvw.2017.329,1,proceedings-article,TRUE
10.48550/arxiv.2308.04124,10.15439/2023f1479,1,proceedings-article,TRUE
10.48550/arxiv.2501.03947,10.1088/1538-3873/adb5c2,1,journal-article,FALSE
10.48550/arxiv.1508.04330,10.1016/j.na.2015.11.004,0.851,journal-article,FALSE
10.48550/arxiv.2005.03872,10.1109/iv47402.2020.9304801,0.9972,proceedings-article,TRUE
10.48550/arxiv.2109.12289,10.1007/978-3-030-91081-5_27,1,book-chapter,TRUE
10.48550/arxiv.2312.14103,10.1140/epjc/s10052-024-13158-x,1,journal-article,FALSE
10.48550/arxiv.1707.04384,10.1039/c8sm00591e,1,journal-article,TRUE
10.48550/arxiv.2001.10335,10.1016/j.compind.2020.103293,0.9879,journal-article,FALSE
10.48550/arxiv.physics/0511030,10.1016/j.nima.2007.01.078,0.9833,journal-article,TRUE
10.48550/arxiv.1905.12893,10.1007/s11081-022-09738-z,0.9875,journal-article,TRUE
10.48550/arxiv.1704.04304,10.1016/j.spa.2017.09.012,1,journal-article,TRUE
10.48550/arxiv.1903.03723,10.1109/infcomw.2019.8845145,1,proceedings-article,TRUE
10.48550/arxiv.2110.08465,10.1109/tkde.2025.3569648,0.975,journal-article,FALSE
10.48550/arxiv.cond-mat/0605117,10.1016/j.aop.2007.04.018,1,journal-article,TRUE
10.48550/arxiv.2310.03723,10.1103/physrevb.109.l180505,1,journal-article,TRUE
10.48550/arxiv.astro-ph/0106027,10.1007/10856495_89,0.875,book-chapter,FALSE
10.48550/arxiv.1802.07495,10.1021/acsphotonics.8b00206,1,journal-article,TRUE
10.48550/arxiv.2110.06285,10.1111/obes.12581,1,journal-article,TRUE
10.48550/arxiv.1607.02207,10.4171/jst/234,1,journal-article,TRUE
10.48550/arxiv.2409.12390,10.1109/wacv61041.2025.00350,1,proceedings-article,FALSE
10.48550/arxiv.2007.07546,10.1016/j.automatica.2021.109727,1,journal-article,TRUE
10.48550/arxiv.2209.14959,10.1103/physrevd.107.024019,0.8805,journal-article,FALSE
10.48550/arxiv.2108.10721,10.1109/ic2e52221.2021.00041,1,proceedings-article,TRUE
10.48550/arxiv.2412.13937,10.1088/1741-4326/adc318,1,journal-article,FALSE
10.48550/arxiv.2308.04221,10.1103/physrevd.109.076019,1,journal-article,TRUE
10.48550/arxiv.1712.01675,10.1186/s40708-018-0080-3,0.8796,journal-article,FALSE
10.48550/arxiv.2401.12612,10.1038/s41467-024-50862-4,1,journal-article,FALSE
10.48550/arxiv.2306.11646,10.24963/ijcai.2023/761,1,proceedings-article,TRUE
10.48550/arxiv.cs/9811022,10.3115/980451.980882,0.9939,proceedings-article,TRUE
10.48550/arxiv.1608.00187,10.1007/978-3-319-46448-0_51,1,book-chapter,TRUE
10.48550/arxiv.cond-mat/9809314,10.1103/physrevb.58.13558,0.9291,journal-article,TRUE
10.48550/arxiv.0809.0298,10.1016/j.jsc.2010.08.011,0.9803,journal-article,FALSE
10.48550/arxiv.1711.07664,10.1007/s11134-019-09606-1,0.8987,journal-article,FALSE
10.48550/arxiv.2003.04949,10.1109/iros45743.2020.9341556,1,proceedings-article,TRUE
10.48550/arxiv.1707.08507,10.3150/18-bej1052,1,journal-article,TRUE
10.48550/arxiv.1502.06946,10.22323/1.233.0143,1,proceedings-article,TRUE
10.48550/arxiv.math/0002163,10.1007/s002090100262,0.8893,journal-article,FALSE
10.48550/arxiv.1008.0509,10.5802/aif.2772,0.9875,journal-article,TRUE
10.48550/arxiv.1604.06917,10.1371/journal.pone.0190263,1,journal-article,TRUE
10.48550/arxiv.1810.03231,10.1090/tran/9143,0.875,journal-article,FALSE
10.48550/arxiv.2205.00423,10.1109/cvpr52688.2022.01757,1,proceedings-article,TRUE
10.48550/arxiv.2111.00168,10.1007/s11538-022-01043-1,0.9489,journal-article,TRUE
10.48550/arxiv.1411.3188,10.25162/sl-2015-0013,1,journal-article,TRUE
10.48550/arxiv.2012.11953,10.1002/rsa.20916,0.899,journal-article,FALSE
10.48550/arxiv.quant-ph/0607046,10.1201/9781584889007.pt1,0.975,book-chapter,TRUE
10.48550/arxiv.1508.00649,10.1007/978-3-030-01588-6_10,0.9875,book-chapter,TRUE
10.48550/arxiv.math/0407288,10.1017/cbo9781139108782.003,0.875,book-chapter,TRUE
10.48550/arxiv.2004.04094,10.1016/j.bulsci.2017.03.002,0.8697,journal-article,FALSE
10.48550/arxiv.2401.05232,10.2352/ei.2024.36.17.avm-109,1,journal-article,TRUE
10.48550/arxiv.2307.12649,10.1103/physrevb.109.l220405,0.9977,journal-article,TRUE
10.48550/arxiv.2403.17719,10.1109/cvpr52733.2024.02391,1,proceedings-article,FALSE
10.48550/arxiv.0902.0117,10.1080/03610910903259642,1,journal-article,TRUE
10.48550/arxiv.2012.06920,10.1080/24694452.2020.1867498,1,journal-article,TRUE
10.48550/arxiv.1610.09429,10.1016/j.aim.2018.05.021,1,journal-article,TRUE
10.48550/arxiv.1408.4709,10.1007/s10468-016-9599-2,1,journal-article,FALSE
10.48550/arxiv.2109.02230,10.1007/s10851-022-01136-5,0.8542,journal-article,FALSE
10.48550/arxiv.2403.05824,10.1038/s41598-024-77206-y,1,journal-article,FALSE
10.48550/arxiv.1705.07446,10.1134/s1547477118050114,1,journal-article,TRUE
10.48550/arxiv.2308.02645,10.1007/978-981-16-4544-0_95-1,1,book-chapter,FALSE
10.48550/arxiv.1701.09079,10.1016/j.desal.2017.03.013,1,journal-article,TRUE
10.48550/arxiv.2305.11005,10.1287/moor.2024.0525,1,journal-article,FALSE
10.48550/arxiv.2407.02888,10.1109/tccn.2024.3424840,1,journal-article,TRUE
10.48550/arxiv.2407.16613,10.1007/978-3-031-71533-4_6,1,book-chapter,FALSE
10.48550/arxiv.1911.07162,10.1609/aaai.v34i02.5581,1,journal-article,TRUE
10.48550/arxiv.0801.1691,10.2140/ant.2011.5.231,0.9875,journal-article,TRUE
10.48550/arxiv.2307.04658,10.1002/joc.8619,1,journal-article,TRUE
10.48550/arxiv.2004.11687,10.1007/978-3-030-58112-1_11,1,book-chapter,TRUE
10.48550/arxiv.math/0603052,10.4064/fm198-1-2,1,journal-article,TRUE
10.48550/arxiv.1501.06937,10.5817/am2017-1-13,0.9129,journal-article,FALSE
10.48550/arxiv.1708.02897,10.1016/j.jmaa.2018.01.029,1,journal-article,TRUE
10.48550/arxiv.1808.01255,10.1007/s43037-020-00053-2,0.9953,journal-article,TRUE
10.48550/arxiv.hep-th/0109077,10.1142/9789812705068_0001,0.875,proceedings-article,TRUE
10.48550/arxiv.2411.16847,10.1088/1538-3873/adb6d6,1,journal-article,FALSE
10.48550/arxiv.2010.16339,10.1137/21m1391493,1,journal-article,TRUE
10.48550/arxiv.1905.06001,10.3934/dcds.2020131,1,journal-article,TRUE
10.48550/arxiv.2307.14290,10.1007/s00184-023-00931-3,1,journal-article,FALSE
10.48550/arxiv.2204.02943,10.1007/978-3-031-16919-9_5,1,book-chapter,TRUE
10.48550/arxiv.2201.03205,10.1515/zna-2024-0223,0.9875,journal-article,FALSE
10.48550/arxiv.2408.17194,10.1016/j.physletb.2025.139494,1,journal-article,FALSE
10.48550/arxiv.1702.02592,10.1007/s10440-017-0130-5,0.975,journal-article,FALSE
10.48550/arxiv.2105.04833,10.1109/tcomm.2021.3134690,1,journal-article,TRUE
10.48550/arxiv.0804.3545,10.5897/ijps09.014,0.975,journal-article,FALSE
10.48550/arxiv.2404.04373,10.3847/1538-4357/ad2992,1,journal-article,TRUE
10.48550/arxiv.2112.04912,10.1109/tsipn.2023.3313818,1,journal-article,TRUE
10.48550/arxiv.1210.5510,10.22323/1.164.0010,1,proceedings-article,TRUE
10.48550/arxiv.1712.09456,10.1142/9789813272880_0157,1,proceedings-article,TRUE
10.48550/arxiv.2009.11728,10.1007/s00025-021-01541-z,1,journal-article,TRUE
10.48550/arxiv.2402.01232,10.1016/j.ifacol.2024.08.296,1,journal-article,TRUE
10.48550/arxiv.2408.16590,10.1103/physrevd.110.094517,0.875,journal-article,FALSE
10.48550/arxiv.math/9702216,10.1215/ijm/1255985612,1,journal-article,FALSE
10.48550/arxiv.2305.06688,10.1021/acsphotonics.3c00630,0.9546,journal-article,TRUE
10.48550/arxiv.2301.07654,10.1140/epja/s10050-023-01175-5,1,journal-article,FALSE
10.48550/arxiv.0712.4099,10.1109/dest.2008.4635157,1,proceedings-article,TRUE
10.48550/arxiv.0706.3086,10.1090/s0002-9939-08-09416-1,1,journal-article,TRUE
10.48550/arxiv.2308.07313,10.1109/iccv51070.2023.01380,1,proceedings-article,TRUE
10.48550/arxiv.1601.00969,10.5802/alco.50,0.9875,journal-article,TRUE
10.48550/arxiv.1912.01566,10.1016/j.jctb.2022.12.008,0.975,journal-article,FALSE
10.48550/arxiv.2104.06174,10.1109/cvpr46437.2021.00911,1,proceedings-article,TRUE
10.48550/arxiv.1909.12297,10.1007/978-3-030-58565-5_20,1,book-chapter,TRUE
10.48550/arxiv.1805.09419,10.37236/8491,1,journal-article,TRUE
10.48550/arxiv.2407.14180,10.21437/interspeech.2024-1854,1,proceedings-article,FALSE
10.48550/arxiv.2402.17352,10.3847/1538-4357/ad4f83,1,journal-article,FALSE
10.48550/arxiv.1512.03789,10.1007/s00526-016-1074-8,1,journal-article,TRUE
10.48550/arxiv.2007.05571,10.1109/access.2020.3009131,0.9705,journal-article,FALSE
10.48550/arxiv.math/0405504,10.1142/s0218216599000419,0.875,journal-article,FALSE
10.48550/arxiv.1909.01932,10.22323/1.358.1025,1,proceedings-article,TRUE
10.48550/arxiv.1610.01065,10.12783/dtetr/apetc2017/11295,1,journal-article,TRUE
10.48550/arxiv.2103.07218,10.1007/978-981-19-2354-8_93,1,book-chapter,TRUE
10.48550/arxiv.2209.02130,10.1103/physrevx.13.031033,1,journal-article,TRUE
10.48550/arxiv.1606.02463,10.1109/isit.2016.7541730,1,proceedings-article,TRUE
10.48550/arxiv.1905.06720,10.1109/tbdata.2020.2964169,1,journal-article,TRUE
10.48550/arxiv.1905.08438,10.1016/j.jat.2020.105392,1,journal-article,TRUE
10.48550/arxiv.1202.4596,10.1109/isit.2012.6283062,1,proceedings-article,TRUE
10.48550/arxiv.2208.05810,10.1007/978-3-031-20047-2_31,1,book-chapter,TRUE
10.48550/arxiv.1610.08649,10.1007/s00039-017-0405-z,1,journal-article,FALSE
10.48550/arxiv.1912.01473,10.1109/isit44484.2020.9174254,1,proceedings-article,TRUE
10.48550/arxiv.2307.01238,10.1109/jbhi.2024.3371108,1,journal-article,TRUE
10.48550/arxiv.0907.5126,10.2139/ssrn.1440805,1,journal-article,TRUE
10.48550/arxiv.2211.05531,10.1109/ijcnn54540.2023.10191750,0.9177,proceedings-article,FALSE
10.48550/arxiv.2501.04702,10.1109/wcnc57260.2024.10570889,0.875,proceedings-article,FALSE
10.48550/arxiv.2412.16477,10.1103/physrevb.111.l201405,1,journal-article,TRUE
10.48550/arxiv.2406.12442,10.18653/v1/2024.findings-emnlp.110,1,proceedings-article,FALSE
10.48550/arxiv.2212.00292,10.2139/ssrn.4284776,1,journal-article,TRUE
10.48550/arxiv.math/0608643,10.1007/s11854-008-0018-4,1,journal-article,TRUE
10.48550/arxiv.2010.08847,10.1109/icassp39728.2021.9414583,1,proceedings-article,TRUE
10.48550/arxiv.1810.10248,10.1007/s10998-020-00325-2,1,journal-article,TRUE
10.48550/arxiv.1602.02971,10.1017/9781316576571.013,0.9679,book-chapter,TRUE
10.48550/arxiv.1908.02809,10.1109/iccv.2019.00231,1,proceedings-article,TRUE
10.48550/arxiv.1709.08553,10.1109/iccv.2017.65,1,proceedings-article,TRUE
10.48550/arxiv.1408.2333,10.1109/fmcad.2014.6987592,1,proceedings-article,TRUE
10.48550/arxiv.math-ph/0504027,10.1088/0305-4470/38/25/l02,1,journal-article,TRUE
10.48550/arxiv.cs/9809071,10.1109/icc.1997.610038,0.975,proceedings-article,TRUE
10.48550/arxiv.2009.13453,10.1109/jbhi.2021.3062335,1,journal-article,TRUE
10.48550/arxiv.1105.2260,10.4310/mrl.2012.v19.n1.a9,1,journal-article,TRUE
10.48550/arxiv.2111.11739,10.1109/lra.2022.3210880,1,journal-article,TRUE
10.48550/arxiv.1609.00696,10.1111/biom.12719,0.9752,journal-article,FALSE
10.48550/arxiv.2106.09758,10.1109/cvpr46437.2021.00047,1,proceedings-article,TRUE
10.48550/arxiv.2010.08758,10.22323/1.390.0193,1,proceedings-article,TRUE
10.48550/arxiv.1505.01324,10.46298/dmtcs.2498,0.94,journal-article,TRUE
10.48550/arxiv.1705.06682,10.1515/forum-2017-0227,1,journal-article,TRUE
10.48550/arxiv.1109.4355,10.1016/j.jmaa.2011.12.059,1,journal-article,TRUE
10.48550/arxiv.1807.04358,10.4310/arkiv.2019.v57.n1.a7,1,journal-article,TRUE
10.48550/arxiv.1210.2056,10.4171/jems/597,0.9686,journal-article,TRUE
10.48550/arxiv.2009.06126,10.23919/icn.2020.0018,0.9548,journal-article,FALSE
10.48550/arxiv.1309.6937,10.1007/s10959-015-0610-3,0.956,journal-article,TRUE
10.48550/arxiv.2406.06170,10.1103/physrevb.110.125418,0.8933,journal-article,FALSE
10.48550/arxiv.2309.03185,10.1109/cvpr52733.2024.01896,1,proceedings-article,FALSE
10.48550/arxiv.1311.4638,10.1017/s0013091516000304,0.925,journal-article,FALSE
10.48550/arxiv.2302.10059,10.22323/1.417.0214,1,proceedings-article,TRUE
10.48550/arxiv.1204.5388,10.1109/taes.2013.110388,1,journal-article,TRUE
10.48550/arxiv.0904.2345,10.1142/s021830130801180x,0.9156,journal-article,FALSE
10.48550/arxiv.0801.3104,10.1086/528672,0.9479,journal-article,TRUE
10.48550/arxiv.1007.4548,10.1088/2041-8205/720/1/l97,1,journal-article,TRUE
10.48550/arxiv.2504.04507,10.1051/0004-6361/202452685,1,journal-article,FALSE
10.48550/arxiv.2406.08444,10.1007/978-981-96-0911-6_11,1,book-chapter,FALSE
10.48550/arxiv.2204.06431,10.1016/j.apm.2023.09.017,1,journal-article,TRUE
10.48550/arxiv.2204.00085,10.1016/j.jmaa.2022.126256,1,journal-article,TRUE
10.48550/arxiv.0810.5225,10.1007/s11856-011-0018-4,0.9875,journal-article,TRUE
10.48550/arxiv.2303.11489,10.1109/tac.2024.3520419,1,journal-article,TRUE
10.48550/arxiv.1912.07132,10.1080/00927872.2020.1713329,1,journal-article,TRUE
10.48550/arxiv.2403.02449,10.1007/978-3-031-72627-9_12,1,book-chapter,FALSE
10.48550/arxiv.1909.11832,10.1109/tkde.2020.2997772,0.9875,journal-article,TRUE
10.48550/arxiv.1308.5237,10.11114/smc.v1i2.198,1,journal-article,TRUE
10.48550/arxiv.1009.1496,10.1007/bf03549539,1,journal-article,FALSE
10.48550/arxiv.2405.10499,10.1007/978-3-031-65630-9_9,1,book-chapter,FALSE
10.48550/arxiv.2112.08616,10.18653/v1/2022.findings-naacl.2,1,proceedings-article,TRUE
10.48550/arxiv.0807.2690,10.37236/907,1,journal-article,FALSE
10.48550/arxiv.0910.2285,10.1016/j.physa.2010.09.022,1,journal-article,FALSE
10.48550/arxiv.2204.12559,10.29354/diag/176931,1,journal-article,TRUE
10.48550/arxiv.2407.12447,10.1093/nsr/nwae367,0.9997,journal-article,TRUE
10.48550/arxiv.1803.07683,10.1007/s10107-019-01411-1,1,journal-article,TRUE
10.48550/arxiv.2309.06388,10.1007/s11704-024-40072-y,0.9722,journal-article,FALSE
10.48550/arxiv.2101.11571,10.4171/jca/68,1,journal-article,TRUE
10.48550/arxiv.1808.07828,10.1016/j.topol.2019.107002,0.9523,journal-article,FALSE
10.48550/arxiv.2403.18167,10.18653/v1/2024.findings-emnlp.466,1,proceedings-article,FALSE
10.48550/arxiv.2312.00242,10.1007/jhep02(2024)224,1,journal-article,FALSE
10.48550/arxiv.2304.13348,10.1145/3588432.3591552,1,proceedings-article,TRUE
10.48550/arxiv.1007.0489,10.1007/978-3-642-15369-3_8,1,book-chapter,TRUE
10.48550/arxiv.2007.10674,10.1155/2022/1670984,0.8883,journal-article,FALSE
10.48550/arxiv.cs/0206018,10.1007/978-3-540-45078-8_22,0.8571,book-chapter,FALSE
10.48550/arxiv.0706.1502,10.13001/1081-3810.1285,1,journal-article,TRUE
10.48550/arxiv.1903.12474,10.4064/cm7878-5-2019,1,journal-article,TRUE
10.48550/arxiv.1607.04430,10.1016/j.jmva.2016.11.010,1,journal-article,TRUE
10.48550/arxiv.2307.06017,10.1088/1361-648x/ad0191,1,journal-article,TRUE
10.48550/arxiv.1607.01482,10.1137/16m1083402,0.996,journal-article,FALSE
10.48550/arxiv.2201.06634,10.1016/j.jalgebra.2023.03.009,0.9358,journal-article,FALSE
10.48550/arxiv.2206.10892,10.24963/ijcai.2022/120,1,proceedings-article,TRUE
10.48550/arxiv.2209.04598,10.1109/tsg.2023.3270112,0.9773,journal-article,TRUE
10.48550/arxiv.2408.15367,10.1109/ro-man60168.2024.10731401,1,proceedings-article,TRUE
10.48550/arxiv.1805.03730,10.1109/itw.2018.8613467,1,proceedings-article,TRUE
10.48550/arxiv.2106.11918,10.1007/s10489-021-02379-2,1,journal-article,TRUE
10.48550/arxiv.1806.03104,10.1215/00127094-2020-0087,0.9875,journal-article,TRUE
10.48550/arxiv.2106.15677,10.1090/proc/16148,1,journal-article,TRUE
10.48550/arxiv.1910.08507,10.1112/s0010437x21007454,1,journal-article,TRUE
10.48550/arxiv.1603.08041,10.1021/acs.jpclett.6b01178,0.894,journal-article,FALSE
10.48550/arxiv.2111.14107,10.1007/s10559-024-00667-6,0.9026,journal-article,FALSE
10.48550/arxiv.1302.5960,10.1049/iet-com.2012.0264,0.9,journal-article,FALSE
10.48550/arxiv.2011.07716,10.1016/j.aim.2023.109240,0.9875,journal-article,FALSE
10.48550/arxiv.0803.2316,10.26421/qic8.5-6-8,0.9459,journal-article,FALSE
10.48550/arxiv.2003.05066,10.1093/imrn/rnaa351,1,journal-article,TRUE
10.48550/arxiv.1405.7480,10.18466/cbayarfbe.319873,0.9875,journal-article,TRUE
10.48550/arxiv.2007.02009,10.1090/spmj/1762,0.9444,journal-article,FALSE
10.48550/arxiv.2307.12616,10.1109/iccv51070.2023.00089,1,proceedings-article,TRUE
10.48550/arxiv.math-ph/0011042,10.1007/bf02392811,1,journal-article,TRUE
10.48550/arxiv.math/0508076,10.1080/00029890.2006.11920364,0.875,journal-article,TRUE
10.48550/arxiv.2209.03588,10.2139/ssrn.4253686,1,journal-article,TRUE
10.48550/arxiv.1304.5988,10.1016/j.jnt.2015.08.001,0.9875,journal-article,TRUE
10.48550/arxiv.1801.04420,10.1049/iet-com.2017.1197,1,journal-article,TRUE
10.48550/arxiv.2006.06089,10.3934/dcds.2024155,0.875,journal-article,FALSE
10.48550/arxiv.1612.06977,10.1007/s10915-017-0554-0,1,journal-article,TRUE
10.48550/arxiv.2303.03788,10.4171/rsmup/117,1,journal-article,TRUE
10.48550/arxiv.1912.10339,10.1137/20m1312009,0.9834,journal-article,TRUE
10.48550/arxiv.2109.02177,10.2139/ssrn.4163309,1,journal-article,TRUE
10.48550/arxiv.1609.06821,10.1007/s10959-016-0722-4,1,journal-article,TRUE
10.48550/arxiv.2103.08010,10.25046/aj0602105,0.9532,journal-article,TRUE
10.48550/arxiv.1408.5825,10.1109/cdc.2014.7039646,1,proceedings-article,TRUE
10.48550/arxiv.2112.02621,10.1007/978-3-031-31186-4_6,1,book-chapter,TRUE
10.48550/arxiv.1605.03455,10.1016/j.matpur.2017.10.004,0.9875,journal-article,TRUE
10.48550/arxiv.2406.00849,10.1016/j.jmaa.2025.129267,1,journal-article,TRUE
10.48550/arxiv.2409.15570,10.1134/s1063773724700154,1,journal-article,FALSE
10.48550/arxiv.2210.04206,10.1007/978-3-031-19830-4_19,1,book-chapter,TRUE
10.48550/arxiv.1707.07436,10.1016/j.tcs.2019.05.017,1,journal-article,TRUE
10.48550/arxiv.2012.00462,10.1117/12.2562183,1,proceedings-article,TRUE
10.48550/arxiv.2407.10778,10.1093/imrn/rnae239,1,journal-article,FALSE
10.48550/arxiv.2401.00702,10.1016/j.jde.2024.02.051,1,journal-article,TRUE
10.48550/arxiv.0803.1382,10.1080/03605300902892402,1,journal-article,TRUE
10.48550/arxiv.2407.12748,10.1007/s00220-025-05256-y,0.9293,journal-article,FALSE
10.48550/arxiv.1204.2384,10.1142/s0218196713500185,1,journal-article,TRUE
10.48550/arxiv.2205.01730,10.18653/v1/2022.findings-naacl.9,1,proceedings-article,TRUE
10.48550/arxiv.physics/0512169,10.1007/978-88-470-0502-0_4,0.9276,book-chapter,FALSE
10.48550/arxiv.2206.03911,10.1016/j.jalgebra.2024.08.019,0.9686,journal-article,FALSE
10.48550/arxiv.gr-qc/0301100,10.1002/andp.20045160903,0.8648,journal-article,FALSE
10.48550/arxiv.0904.1073,10.1109/tcomm.2010.02.080013,1,journal-article,TRUE
10.48550/arxiv.1604.05120,10.18255/1818-1015-2016-3-357-363,0.9444,journal-article,TRUE
10.48550/arxiv.2310.11057,10.1007/s00029-024-00957-z,1,journal-article,FALSE
10.48550/arxiv.quant-ph/0408148,10.1016/j.biosystems.2004.12.001,1,journal-article,TRUE
10.48550/arxiv.1904.02547,10.1007/978-3-031-24337-0_4,0.975,book-chapter,TRUE
10.48550/arxiv.1609.07736,10.1007/s11856-019-1947-6,0.9797,journal-article,TRUE
10.48550/arxiv.2107.05088,10.1109/asew52652.2021.00031,1,proceedings-article,TRUE
10.48550/arxiv.2410.08027,10.18653/v1/2024.emnlp-main.231,1,proceedings-article,FALSE
10.48550/arxiv.1501.02559,10.1080/02331888.2016.1266632,1,journal-article,FALSE
10.48550/arxiv.1505.02863,10.1017/s1446788718000423,0.9483,journal-article,FALSE
10.48550/arxiv.1805.11345,10.1007/s00229-018-1067-3,1,journal-article,TRUE
10.48550/arxiv.1003.2062,10.2528/pierm10051310,1,journal-article,TRUE
10.48550/arxiv.1902.10738,10.1109/icc40277.2020.9148642,1,proceedings-article,TRUE
10.48550/arxiv.1911.12749,10.1145/3470646,1,journal-article,TRUE
10.48550/arxiv.1211.6778,10.1016/0893-9659(94)90092-2,0.8508,journal-article,FALSE
10.48550/arxiv.2210.03554,10.1007/s11579-023-00352-w,1,journal-article,FALSE
10.48550/arxiv.2312.06523,10.1142/s0217979225500997,1,journal-article,TRUE
10.48550/arxiv.0909.1301,10.1017/s0963548309990484,0.9955,journal-article,FALSE
10.48550/arxiv.2404.11012,10.3847/1538-4357/ad3fb1,0.9976,journal-article,FALSE
10.48550/arxiv.2005.12192,10.1007/s40818-021-00108-z,1,journal-article,TRUE
10.48550/arxiv.1807.02013,10.1109/globalsip.2018.8646607,1,proceedings-article,TRUE
10.48550/arxiv.1603.09083,10.5802/pmb.19,1,journal-article,TRUE
10.48550/arxiv.2003.05039,10.1145/3372297.3417251,1,proceedings-article,TRUE
10.48550/arxiv.2002.01591,10.15607/rss.2020.xvi.100,1,proceedings-article,TRUE
10.48550/arxiv.1104.4401,10.1007/s10986-011-9144-2,0.8587,journal-article,FALSE
10.48550/arxiv.2112.05598,10.3389/fcomp.2022.871808,1,journal-article,TRUE
10.48550/arxiv.1601.00108,10.1137/15m1054869,1,journal-article,TRUE
10.48550/arxiv.1207.1643,10.4310/cms.2014.v12.n2.a6,1,journal-article,TRUE
10.48550/arxiv.1901.05593,10.1109/tmi.2019.2963248,1,journal-article,TRUE
10.48550/arxiv.2310.12341,10.1080/00036846.2023.2275219,1,journal-article,TRUE
10.48550/arxiv.cs/0611131,10.1088/1367-2630/9/7/231,0.9414,journal-article,FALSE
10.48550/arxiv.2101.07198,10.1134/s1995080221050036,0.9848,journal-article,TRUE
10.48550/arxiv.2103.14857,10.1111/joes.12425,1,journal-article,TRUE
10.48550/arxiv.2110.02893,10.1137/21m145416x,1,journal-article,TRUE
10.48550/arxiv.2403.08054,10.1109/lcsys.2024.3417175,1,journal-article,TRUE
10.48550/arxiv.2307.03038,10.1140/epjc/s10052-023-11984-z,1,journal-article,FALSE
10.48550/arxiv.2008.03046,10.1007/978-3-030-58923-3_6,1,book-chapter,TRUE
10.48550/arxiv.1104.0761,10.2139/ssrn.1813758,1,journal-article,TRUE
10.48550/arxiv.1101.6009,10.1007/3-540-46238-4_7,0.875,book-chapter,TRUE
10.48550/arxiv.1207.5039,10.1016/j.jmaa.2013.06.025,0.9791,journal-article,TRUE
10.48550/arxiv.2212.04002,10.1016/j.ymssp.2023.110404,1,journal-article,TRUE
10.48550/arxiv.2408.16388,10.1088/1475-7516/2024/12/033,1,journal-article,TRUE
10.48550/arxiv.1310.1136,10.1016/j.aim.2016.11.030,0.975,journal-article,TRUE
10.48550/arxiv.2010.04590,10.1007/s11856-022-2356-9,1,journal-article,TRUE
10.48550/arxiv.2302.07324,10.18653/v1/2023.acl-long.460,1,proceedings-article,TRUE
10.48550/arxiv.1604.05581,10.1007/s00022-016-0337-z,1,journal-article,TRUE
10.48550/arxiv.2504.10387,10.1093/mnras/staf828,0.9906,journal-article,FALSE
10.48550/arxiv.2405.17825,10.1609/aaai.v39i16.33871,1,journal-article,FALSE
10.48550/arxiv.2408.09043,10.1109/bibm62325.2024.10822229,1,proceedings-article,FALSE
10.48550/arxiv.1305.1597,10.1007/s40590-014-0025-7,1,journal-article,TRUE
10.48550/arxiv.0911.2472,10.1007/978-94-007-7432-2_11,0.9185,book-chapter,FALSE
10.48550/arxiv.1304.0299,10.1007/978-3-319-03898-8_23,1,book-chapter,FALSE
10.48550/arxiv.2309.16121,10.3847/1538-4357/ad21fa,1,journal-article,TRUE
10.48550/arxiv.1203.4526,10.1016/j.jnt.2012.07.010,1,journal-article,TRUE
10.48550/arxiv.2207.08386,10.1109/tpami.2022.3186410,1,journal-article,TRUE
10.48550/arxiv.1212.1035,10.1103/physrevb.88.035412,0.9644,journal-article,FALSE
10.48550/arxiv.2311.18576,10.1109/wifs61860.2024.10810702,1,proceedings-article,TRUE
10.48550/arxiv.2007.01274,10.1080/15326349.2021.1945933,1,journal-article,TRUE
10.48550/arxiv.1501.02309,10.1016/j.tcs.2015.09.005,1,journal-article,TRUE
10.48550/arxiv.1806.04749,10.1007/s00209-020-02502-y,0.9955,journal-article,FALSE
10.48550/arxiv.0711.0108,10.1007/s10762-007-9311-z,0.9167,journal-article,FALSE
10.48550/arxiv.1505.00587,10.1088/0004-637x/806/2/172,1,journal-article,TRUE
10.48550/arxiv.2109.10618,10.1016/j.apal.2022.103164,1,journal-article,TRUE
10.48550/arxiv.2011.03632,10.1609/aaai.v35i5.16510,1,journal-article,TRUE
10.48550/arxiv.2212.02062,10.1063/5.0137666,0.9936,journal-article,FALSE
10.48550/arxiv.2207.13243,10.1109/satml54575.2023.00039,1,proceedings-article,TRUE
10.48550/arxiv.1905.11984,10.24963/ijcai.2019/195,1,proceedings-article,TRUE
10.48550/arxiv.2504.01523,10.1109/saner64311.2025.00041,1,proceedings-article,FALSE
10.48550/arxiv.2502.13858,10.1051/0004-6361/202554189,0.9942,journal-article,FALSE
10.48550/arxiv.1601.04595,10.1109/icassp.2016.7472877,1,proceedings-article,TRUE
10.48550/arxiv.2111.14881,10.1016/j.aim.2024.110075,0.975,journal-article,TRUE
10.48550/arxiv.2203.06023,10.22323/1.409.0005,1,proceedings-article,TRUE
10.48550/arxiv.2205.13035,10.1016/j.spa.2024.104302,1,journal-article,TRUE
10.48550/arxiv.2212.06548,10.1142/9789811270437_0003,1,book-chapter,TRUE
10.48550/arxiv.1208.2220,10.1007/s11784-013-0107-6,1,journal-article,TRUE
10.48550/arxiv.2203.12806,10.3390/instruments6030027,0.8963,journal-article,TRUE
10.48550/arxiv.2306.05294,10.3233/ica-240732,0.8858,journal-article,FALSE
10.48550/arxiv.2407.10787,10.1016/j.aop.2024.169890,1,journal-article,FALSE
10.48550/arxiv.astro-ph/0504614,10.1007/978-3-540-85369-5_16,0.8749,book-chapter,FALSE
10.48550/arxiv.cond-mat/0102280,10.1002/prot.1176,0.9964,journal-article,FALSE
10.48550/arxiv.1808.04976,10.1007/978-3-030-01216-8_39,1,book-chapter,TRUE
10.48550/arxiv.2102.00537,10.1088/1361-6595/abff73,0.9747,journal-article,FALSE
10.48550/arxiv.2003.08484,10.1016/j.ifacol.2020.12.1245,1,journal-article,TRUE
10.48550/arxiv.1611.10229,10.1109/cvpr.2017.159,1,proceedings-article,TRUE
10.48550/arxiv.1402.5381,10.1364/cleo_si.2014.sf2e.3,1,proceedings-article,TRUE
10.48550/arxiv.2105.06630,10.1137/21m1419933,1,journal-article,TRUE
10.48550/arxiv.2205.12530,10.7153/jmi-2023-17-67,0.9861,journal-article,TRUE
10.48550/arxiv.cond-mat/0309340,10.1007/978-1-4020-2093-3_26,1,book-chapter,FALSE
10.48550/arxiv.1706.05431,10.1109/tit.2019.2898660,1,journal-article,TRUE
10.48550/arxiv.0911.0375,10.1007/s00526-010-0350-2,0.974,journal-article,FALSE
10.48550/arxiv.1809.10108,10.1109/icccas.2018.8769255,0.9167,proceedings-article,TRUE
10.48550/arxiv.2211.15298,10.1214/23-aop1640,1,journal-article,TRUE
10.48550/arxiv.1909.09271,10.1038/s43588-022-00347-5,0.8921,journal-article,FALSE
10.48550/arxiv.2310.06767,10.1088/1751-8121/ad4c2b,1,journal-article,TRUE
10.48550/arxiv.2009.14714,10.23919/acc50511.2021.9483346,1,proceedings-article,TRUE
10.48550/arxiv.2010.06630,10.2514/6.2020-4030,0.9823,proceedings-article,FALSE
10.48550/arxiv.1608.03519,10.1112/s0025579317000377,0.9882,journal-article,FALSE
10.48550/arxiv.1805.08974,10.1109/cvpr.2019.00277,1,proceedings-article,TRUE
10.48550/arxiv.1104.3630,10.2206/kyushujm.65.85,0.8646,journal-article,FALSE
10.48550/arxiv.2105.10002,10.3982/ecta19794,0.9291,journal-article,FALSE
10.48550/arxiv.1408.0056,10.1007/s13373-014-0062-6,1,journal-article,TRUE
10.48550/arxiv.2106.08488,10.1109/tcbb.2021.3089682,1,journal-article,TRUE
10.48550/arxiv.1211.2391,10.1007/s11537-013-1306-z,0.9932,journal-article,FALSE
10.48550/arxiv.1606.03800,10.1007/978-3-030-90425-8_1,0.875,book-chapter,TRUE
10.48550/arxiv.2211.13348,10.1364/optica.484549,0.9087,journal-article,FALSE
10.48550/arxiv.2402.00688,10.21468/scipostphys.17.4.118,0.9765,journal-article,FALSE
10.48550/arxiv.cond-mat/0106546,10.1007/978-3-662-04665-4_11,1,book-chapter,TRUE
10.48550/arxiv.1902.11133,10.1007/978-3-030-44689-5_13,0.9871,book-chapter,FALSE
10.48550/arxiv.2304.14572,10.1007/978-3-031-55088-1_1,0.8922,book-chapter,FALSE
10.48550/arxiv.0711.4610,10.1088/1751-8113/42/9/095002,1,journal-article,TRUE
10.48550/arxiv.1612.03643,10.1093/integr/xyy003,1,journal-article,TRUE
10.48550/arxiv.1702.05204,10.7900/jot.2017feb14.2143,1,journal-article,FALSE
10.48550/arxiv.2008.01774,10.1038/s41746-021-00453-0,1,journal-article,TRUE
10.48550/arxiv.1311.1722,10.1145/2578855.2535872,0.9745,journal-article,FALSE
10.48550/arxiv.2202.13776,10.13001/ela.2022.6981,1,journal-article,TRUE
10.48550/arxiv.1310.1563,10.1137/140966551,0.9536,journal-article,FALSE
10.48550/arxiv.1510.02686,10.1142/s0219622014500564,1,journal-article,TRUE
10.48550/arxiv.1908.11656,10.1109/iccvw.2019.00123,1,proceedings-article,TRUE
10.48550/arxiv.2501.11053,10.1609/aaai.v39i6.32673,1,journal-article,FALSE
10.48550/arxiv.1808.08789,10.1007/s00285-019-01401-z,1,journal-article,FALSE
10.48550/arxiv.1706.08774,10.1098/rsif.2018.0239,1,journal-article,TRUE
10.48550/arxiv.1904.01326,10.1109/iccv.2019.00768,1,proceedings-article,TRUE
10.48550/arxiv.2208.10730,10.1007/978-3-031-19803-8_29,1,book-chapter,TRUE
10.48550/arxiv.2210.09424,10.1016/j.ijheatfluidflow.2022.109073,1,journal-article,TRUE
10.48550/arxiv.1712.00879,10.1109/access.2018.2854227,1,journal-article,TRUE
10.48550/arxiv.2209.08559,10.1021/acs.jpclett.2c02852,0.9643,journal-article,TRUE
10.48550/arxiv.1905.11846,10.1016/j.csda.2021.107184,1,journal-article,TRUE
10.48550/arxiv.math/0607515,10.5802/aif.2430,0.9875,journal-article,TRUE
10.48550/arxiv.0910.4500,10.1016/j.entcs.2010.04.014,1,journal-article,FALSE
10.48550/arxiv.1802.08112,10.1016/j.epsr.2016.11.001,0.875,journal-article,TRUE
10.48550/arxiv.0708.3825,10.1098/rsif.2007.1206,0.9973,journal-article,TRUE
10.48550/arxiv.1911.01564,10.1007/s10884-022-10158-x,0.9875,journal-article,TRUE
10.48550/arxiv.math/0608383,10.32917/hmj/1206126677,0.8699,journal-article,FALSE
10.48550/arxiv.2310.05597,10.18653/v1/2023.emnlp-main.1022,1,proceedings-article,TRUE
10.48550/arxiv.math/0507369,10.1155/imrn/2006/48794,1,journal-article,TRUE
10.48550/arxiv.cond-mat/0211234,10.1016/s0927-0256(02)00190-8,0.9267,journal-article,FALSE
10.48550/arxiv.1608.08079,10.1007/s40314-016-0392-y,1,journal-article,TRUE
10.48550/arxiv.1210.8249,10.22323/1.164.0253,1,proceedings-article,TRUE
10.48550/arxiv.2412.07606,10.1088/1748-0221/20/04/p04001,1,journal-article,FALSE
10.48550/arxiv.1608.07783,10.1007/s00209-017-1981-1,1,journal-article,TRUE
10.48550/arxiv.2201.12437,10.1109/wacv56688.2023.00063,1,proceedings-article,TRUE
10.48550/arxiv.2410.22138,10.1093/mnrasl/slae101,1,journal-article,FALSE
10.48550/arxiv.1103.4565,10.1016/j.topol.2011.02.013,1,journal-article,TRUE
10.48550/arxiv.2309.00820,10.3847/1538-4357/acf456,1,journal-article,TRUE
10.48550/arxiv.2003.01099,10.1103/physrevd.106.043535,1,journal-article,TRUE
10.48550/arxiv.math/0409510,10.5802/jtnb.655,0.8717,journal-article,TRUE
10.48550/arxiv.2210.02974,10.1016/j.eswa.2023.120860,1,journal-article,TRUE
10.48550/arxiv.1812.09063,10.1016/j.csda.2019.106899,1,journal-article,TRUE
10.48550/arxiv.2103.13463,10.1038/s41467-022-29631-8,0.9087,journal-article,FALSE
10.48550/arxiv.2011.04535,10.1287/stsy.2022.0098,0.9875,journal-article,TRUE
10.48550/arxiv.cond-mat/0509361,10.1143/jpsj.75.114713,0.8532,journal-article,FALSE
10.48550/arxiv.2407.05554,10.1007/978-3-031-72089-5_44,1,book-chapter,FALSE
10.48550/arxiv.1111.5802,10.1007/978-3-662-44625-6_1,0.9584,book-chapter,FALSE
10.48550/arxiv.1901.01591,10.4310/joc.2020.v11.n3.a1,1,journal-article,TRUE
10.48550/arxiv.1110.2001,10.1017/s0143385711000939,1,journal-article,TRUE
10.48550/arxiv.1702.01662,10.4171/cmh/470,1,journal-article,TRUE
10.48550/arxiv.2101.01335,10.1109/cluster48925.2021.00058,1,proceedings-article,TRUE
10.48550/arxiv.1501.01091,10.22323/1.215.0134,0.9643,proceedings-article,TRUE
10.48550/arxiv.1804.05713,10.1007/978-3-030-19052-1_10,0.958,book-chapter,FALSE
10.48550/arxiv.2104.04512,10.1145/3503221.3508413,0.9608,proceedings-article,FALSE
10.48550/arxiv.2306.03772,10.1088/1751-8121/aceec9,1,journal-article,TRUE
10.48550/arxiv.2012.08444,10.3386/w28548,1,report,TRUE
10.48550/arxiv.1803.06895,10.1142/s0129055x20500257,0.9891,journal-article,TRUE
10.48550/arxiv.math/9905033,10.1215/s0012-7094-02-11133-8,0.9742,journal-article,FALSE
10.48550/arxiv.nucl-th/9904010,10.1007/s100520050772,0.8675,journal-article,FALSE
10.48550/arxiv.1404.6652,10.3934/ipi.2014.8.939,1,journal-article,FALSE
10.48550/arxiv.1905.00066,10.1007/s00453-020-00728-0,1,journal-article,TRUE
10.48550/arxiv.1411.3320,10.1613/jair.1.12391,0.875,journal-article,TRUE
10.48550/arxiv.2403.17930,10.1016/j.apal.2025.103567,0.8957,journal-article,FALSE
10.48550/arxiv.2407.17031,10.1021/acs.jctc.4c01007,0.9971,journal-article,FALSE
10.48550/arxiv.1606.06881,10.1016/j.jlamp.2016.10.006,1,journal-article,TRUE
10.48550/arxiv.2410.11085,10.1109/ro-man60168.2024.10731384,1,proceedings-article,FALSE
10.48550/arxiv.1303.6120,10.1088/0253-6102/60/1/21,1,journal-article,TRUE
10.48550/arxiv.1702.04315,10.1515/ans-2018-0001,0.961,journal-article,TRUE
10.48550/arxiv.1807.02151,10.1109/tvt.2019.2893593,1,journal-article,TRUE
10.48550/arxiv.2011.05170,10.1007/s00365-022-09563-8,1,journal-article,TRUE
10.48550/arxiv.2310.14985,10.18653/v1/2024.emnlp-main.7,1,proceedings-article,FALSE
10.48550/arxiv.2305.08554,10.1142/s0218271823420051,1,journal-article,TRUE
10.48550/arxiv.1806.09868,10.1007/s00205-021-01662-3,0.9875,journal-article,FALSE
10.48550/arxiv.1907.13413,10.1016/j.patrec.2021.02.022,0.9104,journal-article,FALSE
10.48550/arxiv.2309.16583,10.18653/v1/2024.findings-naacl.87,1,proceedings-article,TRUE
10.48550/arxiv.2307.07712,10.1109/tvcg.2024.3357065,1,journal-article,TRUE
10.48550/arxiv.2106.00367,10.1080/00927872.2022.2028798,1,journal-article,TRUE
10.48550/arxiv.2301.05786,10.1021/jacs.3c05093,1,journal-article,TRUE
10.48550/arxiv.1710.04121,10.1109/ithings-greencom-cpscom-smartdata.2017.124,1,proceedings-article,TRUE
10.48550/arxiv.2110.04832,10.1007/s10958-022-05877-x,1,journal-article,FALSE
10.48550/arxiv.2312.05043,10.1109/icnp59255.2023.10355627,1,proceedings-article,TRUE
10.48550/arxiv.math/0112002,10.1112/s0024609302001704,0.9031,journal-article,FALSE
10.48550/arxiv.2305.02737,10.1109/lcsys.2023.3280087,1,journal-article,TRUE
10.48550/arxiv.2212.07634,10.18653/v1/2023.acl-long.156,1,proceedings-article,TRUE
10.48550/arxiv.1110.5927,10.1016/j.jspi.2013.04.005,0.9756,journal-article,TRUE
10.48550/arxiv.2001.03888,10.1007/s10455-021-09766-5,1,journal-article,TRUE
10.48550/arxiv.2104.11213,10.1109/cvpr46437.2021.00447,1,proceedings-article,TRUE
10.48550/arxiv.1806.01918,10.1109/tit.2019.2927252,1,journal-article,TRUE
10.48550/arxiv.2308.07333,10.1093/gigascience/giad113,1,journal-article,TRUE
10.48550/arxiv.2205.04311,10.3390/biology12070918,0.9714,journal-article,TRUE
10.48550/arxiv.2004.02474,10.1007/s43670-021-00008-0,1,journal-article,TRUE
10.48550/arxiv.2111.09632,10.1016/j.ffa.2022.102112,1,journal-article,TRUE
10.48550/arxiv.2308.05740,10.1007/jhep12(2023)131,0.873,journal-article,FALSE
10.48550/arxiv.0906.5490,10.3176/proc.2010.4.05,0.9727,journal-article,TRUE
10.48550/arxiv.1904.02381,10.5802/afst.1688,1,journal-article,FALSE
10.48550/arxiv.2203.12176,10.1007/s00440-023-01193-w,1,journal-article,TRUE
10.48550/arxiv.2411.03196,10.22323/1.466.0071,1,proceedings-article,TRUE
10.48550/arxiv.2012.03165,10.1109/mwc.001.2000329,1,journal-article,TRUE
10.48550/arxiv.2302.13182,10.1017/s1474748023000403,1,journal-article,TRUE
10.48550/arxiv.nucl-th/9707010,10.1016/s0375-9474(96)00408-3,0.8717,journal-article,TRUE
10.48550/arxiv.1611.03048,10.1007/978-981-10-6841-6_10,1,book-chapter,FALSE
10.48550/arxiv.1802.09915,10.4310/cag.2021.v29.n3.a2,0.9875,journal-article,TRUE
10.48550/arxiv.1101.2982,10.1016/j.jat.2011.06.003,1,journal-article,TRUE
10.48550/arxiv.1807.10394,10.1021/acs.jpcb.8b07206,1,journal-article,TRUE
10.48550/arxiv.2106.01256,10.4171/jems/1470,0.9875,journal-article,TRUE
10.48550/arxiv.2401.10028,10.3390/e26030248,1,journal-article,TRUE
10.48550/arxiv.1611.03069,10.1109/focs.2016.86,1,proceedings-article,TRUE
10.48550/arxiv.1812.09190,10.1007/s00153-021-00768-5,0.9213,journal-article,FALSE
10.48550/arxiv.2109.05965,10.1016/j.ejc.2022.103592,1,journal-article,TRUE
10.48550/arxiv.1805.11981,10.3905/jod.2017.24.4.008,0.875,journal-article,ERROR
10.48550/arxiv.2301.00186,10.1016/j.jfa.2023.110190,0.9942,journal-article,FALSE
10.48550/arxiv.0811.2153,10.1080/00927872.2010.510813,0.9875,journal-article,TRUE
10.48550/arxiv.1108.2430,10.1063/1.3575112,0.8907,proceedings-article,FALSE
10.48550/arxiv.2202.02522,10.1109/icsc52841.2022.00009,1,proceedings-article,TRUE
10.48550/arxiv.2105.08351,10.1038/s43588-022-00228-x,1,journal-article,TRUE
10.48550/arxiv.astro-ph/0602627,10.1007/978-3-540-71173-5_57,1,book-chapter,FALSE
10.48550/arxiv.2006.00231,10.1109/miot.2020.9125423,0.8857,journal-article,FALSE
10.48550/arxiv.2307.13876,10.1103/physrevb.109.094436,1,journal-article,TRUE
10.48550/arxiv.1904.01778,10.1109/taffc.2020.2964549,0.9875,journal-article,TRUE
10.48550/arxiv.2308.08942,10.1109/iccv51070.2023.00872,1,proceedings-article,TRUE
10.48550/arxiv.2103.08124,10.1016/j.jde.2022.03.027,1,journal-article,TRUE
10.48550/arxiv.2102.00443,10.1016/j.jcta.2022.105596,1,journal-article,TRUE
10.48550/arxiv.1507.06060,10.1016/j.jmaa.2015.12.030,1,journal-article,TRUE
10.48550/arxiv.1509.07860,10.1109/acc.2016.7525001,1,proceedings-article,TRUE
10.48550/arxiv.2402.12778,10.1002/cphc.202300983,1,journal-article,TRUE
10.48550/arxiv.2305.17501,10.1017/s0004972725000061,1,journal-article,FALSE
10.48550/arxiv.2211.07039,10.1007/978-3-031-49190-0_5,0.8868,book-chapter,FALSE
10.48550/arxiv.math/0503711,10.1017/s0266466606060324,1,journal-article,TRUE
10.48550/arxiv.2006.08369,10.1109/bigdata50022.2020.9377739,1,proceedings-article,TRUE
10.48550/arxiv.q-alg/9507017,10.4064/-40-1-303-313,0.9528,journal-article,FALSE
10.48550/arxiv.1807.03384,10.37236/8033,1,journal-article,TRUE
10.48550/arxiv.1812.00569,10.14569/ijacsa.2018.091161,1,journal-article,TRUE
10.48550/arxiv.1705.07463,10.1109/tsp.2018.2875896,0.9256,journal-article,FALSE
10.48550/arxiv.2409.06522,10.1109/bigdata62323.2024.10825166,1,proceedings-article,FALSE
10.48550/arxiv.1708.03044,10.1609/hcomp.v4i1.13292,0.875,journal-article,TRUE
10.48550/arxiv.2004.13582,10.47297/wspjhcwsp2515-469902.20220601,1,journal-article,TRUE
10.48550/arxiv.1909.05448,10.18653/v1/d19-1031,1,proceedings-article,TRUE
10.48550/arxiv.2407.14337,10.1016/j.eml.2024.102272,1,journal-article,TRUE
10.48550/arxiv.0806.4619,10.1016/j.jctb.2009.05.001,0.9967,journal-article,TRUE
10.48550/arxiv.2207.06780,10.3390/s22249873,0.89,journal-article,FALSE
10.48550/arxiv.0907.4268,10.1142/s0218271813500818,0.975,journal-article,TRUE
10.48550/arxiv.2404.05688,10.1109/eurosp60621.2024.00035,1,proceedings-article,TRUE
10.48550/arxiv.1806.05988,10.7546/nntdm.2020.26.3.107-134,0.9957,journal-article,FALSE
10.48550/arxiv.1506.04137,10.1111/biom.12351,1,journal-article,TRUE
10.48550/arxiv.2211.08394,10.1007/s00526-023-02434-5,1,journal-article,TRUE
10.48550/arxiv.2309.09536,10.1007/s13226-025-00784-8,1,journal-article,FALSE
10.48550/arxiv.1605.08320,10.1103/physreve.94.052112,0.976,journal-article,FALSE
10.48550/arxiv.1703.00237,10.1007/978-3-319-51963-0_10,0.9721,book-chapter,FALSE
10.48550/arxiv.hep-lat/9912022,10.1007/978-94-011-4124-6_12,0.9573,book-chapter,FALSE
10.48550/arxiv.2107.07928,10.1137/1.9781611977653.ch99,0.9643,book-chapter,TRUE
10.48550/arxiv.2301.01455,10.1007/s40042-023-00893-9,1,journal-article,FALSE
10.48550/arxiv.2412.10762,10.1016/j.comcom.2025.108194,1,journal-article,FALSE
10.48550/arxiv.2305.04142,10.1109/isbi53787.2023.10230606,1,proceedings-article,TRUE
10.48550/arxiv.2502.05866,10.1088/1674-1137/adcc8c,1,journal-article,FALSE
10.48550/arxiv.2001.06282,10.1109/jbhi.2020.2984128,1,journal-article,TRUE
10.48550/arxiv.1605.00297,10.1007/s00209-018-2130-1,1,journal-article,TRUE
10.48550/arxiv.hep-ph/0201025,10.22323/1.007.0052,0.875,proceedings-article,FALSE
10.48550/arxiv.1609.00671,10.1137/16m1091745,1,journal-article,TRUE
10.48550/arxiv.2404.12203,10.1109/cvprw63382.2024.00156,1,proceedings-article,FALSE
10.48550/arxiv.2208.12847,10.1007/978-3-031-16434-7_35,1,book-chapter,TRUE
10.48550/arxiv.1601.07447,10.1098/rstb.2015.0129,1,journal-article,TRUE
10.48550/arxiv.1902.04054,10.1007/s00440-020-00960-3,1,journal-article,FALSE
10.48550/arxiv.2201.05907,10.1103/physrevapplied.17.064008,1,journal-article,TRUE
10.48550/arxiv.1709.03801,10.1007/s11083-018-9451-x,0.9736,journal-article,FALSE
10.48550/arxiv.1607.02122,10.1016/j.jnt.2016.08.015,1,journal-article,TRUE
10.48550/arxiv.1203.5147,10.1155/2012/585298,1,journal-article,TRUE
10.48550/arxiv.1604.08161,10.1007/s00224-016-9699-8,1,journal-article,TRUE
10.48550/arxiv.2004.04740,10.1140/epjp/s13360-020-00564-9,1,journal-article,TRUE
10.48550/arxiv.2207.12588,10.1117/12.2629721,1,proceedings-article,TRUE
10.48550/arxiv.2402.12988,10.3390/sym16091142,1,journal-article,TRUE
10.48550/arxiv.1212.1478,10.2478/cait-2014-0030,0.9914,journal-article,TRUE
10.48550/arxiv.hep-ph/9906310,10.2172/10100,0.9167,report,TRUE
10.48550/arxiv.2107.12270,10.1109/iccv48922.2021.00188,1,proceedings-article,TRUE
10.48550/arxiv.2302.06529,10.1109/access.2024.3519462,1,journal-article,FALSE
10.48550/arxiv.2211.12265,10.1109/tpds.2024.3453289,1,journal-article,TRUE
10.48550/arxiv.2405.20858,10.1109/lra.2024.3440091,1,journal-article,TRUE
10.48550/arxiv.1105.1169,10.1007/s00222-012-0409-0,1,journal-article,TRUE
10.48550/arxiv.2111.07430,10.1609/aaai.v36i6.20566,1,journal-article,TRUE
10.48550/arxiv.1903.01776,10.1109/hpca.2019.00055,1,proceedings-article,TRUE
10.48550/arxiv.2309.01265,10.1109/iccv51070.2023.00940,1,proceedings-article,TRUE
10.48550/arxiv.2210.10304,10.1109/icra48891.2023.10160841,1,proceedings-article,TRUE
10.48550/arxiv.alg-geom/9601002,10.1007/bf02568296,1,journal-article,TRUE
10.48550/arxiv.1601.02949,10.22323/1.235.0035,1,proceedings-article,TRUE
10.48550/arxiv.0801.0011,10.1371/journal.pcbi.1000637,1,journal-article,TRUE
10.48550/arxiv.2310.08685,10.1093/pnasnexus/pgae168,0.9773,journal-article,TRUE
10.48550/arxiv.2302.11252,10.1109/icassp49357.2023.10096489,1,proceedings-article,TRUE
10.48550/arxiv.2309.01777,10.1021/acsaenm.3c00474,1,journal-article,TRUE
10.48550/arxiv.0807.3806,10.1109/isit.2009.5205856,1,proceedings-article,TRUE
10.48550/arxiv.hep-lat/0509028,10.22323/1.020.0062,1,proceedings-article,FALSE
10.48550/arxiv.2412.15805,10.1007/s10714-024-03342-5,1,journal-article,FALSE
10.48550/arxiv.1711.08172,10.1007/s10107-019-01397-w,1,journal-article,TRUE
10.48550/arxiv.2310.11082,10.1109/bibm58861.2023.10385953,1,proceedings-article,TRUE
10.48550/arxiv.2106.02547,10.1051/m2an/2021071,0.9884,journal-article,FALSE
10.48550/arxiv.2104.09729,10.1016/j.aim.2022.108798,1,journal-article,TRUE
10.48550/arxiv.2309.14147,10.1093/mnras/stad2946,0.9967,journal-article,FALSE
10.48550/arxiv.1506.06832,10.1016/j.procs.2015.08.032,1,journal-article,TRUE
10.48550/arxiv.1912.08616,10.1007/978-3-030-23307-5_3,1,book-chapter,TRUE
10.48550/arxiv.2007.03904,10.1109/mwscas48704.2020.9184663,1,proceedings-article,TRUE
10.48550/arxiv.1708.08891,10.1016/j.disc.2018.09.013,1,journal-article,TRUE
10.48550/arxiv.2404.00491,10.1145/3641234.3671026,1,proceedings-article,TRUE
10.48550/arxiv.1904.02645,10.1090/memo/1456,0.975,journal-article,FALSE
10.48550/arxiv.2204.02348,10.1364/dh.2022.w5a.53,1,proceedings-article,TRUE
10.48550/arxiv.1803.04206,10.1093/qmath/hay060,1,journal-article,TRUE
10.48550/arxiv.hep-th/9708144,10.1063/1.532798,0.965,journal-article,FALSE
10.48550/arxiv.2305.01669,10.1137/23m157017x,0.9687,journal-article,FALSE
10.48550/arxiv.1903.12518,10.1007/978-3-662-59533-6_9,1,book-chapter,TRUE
10.48550/arxiv.1410.7063,10.1016/j.ijar.2016.05.008,0.9138,journal-article,FALSE
10.48550/arxiv.2005.00571,10.18653/v1/2020.emnlp-main.688,1,proceedings-article,TRUE
10.48550/arxiv.2402.12509,10.1109/lra.2024.3433309,1,journal-article,TRUE
10.48550/arxiv.1709.08438,10.1090/ecgd/338,1,journal-article,TRUE
10.48550/arxiv.2105.07707,10.1007/s11785-025-01688-5,0.975,journal-article,FALSE
10.48550/arxiv.1306.0444,10.1619/fesi.59.315,0.9875,journal-article,TRUE
10.48550/arxiv.1610.02056,10.1137/1.9781611974782.152,1,proceedings-article,TRUE
10.48550/arxiv.1309.5616,10.1007/s11009-015-9447-6,1,journal-article,TRUE
10.48550/arxiv.1307.8240,10.1109/ita.2013.6502960,0.9853,proceedings-article,FALSE
10.48550/arxiv.2203.02010,10.1117/12.2605762,1,proceedings-article,TRUE
10.48550/arxiv.2106.13959,10.1007/s10618-022-00898-1,0.9437,journal-article,FALSE
10.48550/arxiv.2405.20987,10.1109/issc61953.2024.10603268,1,proceedings-article,TRUE
10.48550/arxiv.1112.4220,10.1166/qm.2013.1044,0.9476,journal-article,FALSE
10.48550/arxiv.2210.11606,10.22323/1.430.0025,1,proceedings-article,TRUE
10.48550/arxiv.2203.16789,10.1103/physrevb.106.054108,0.9353,journal-article,FALSE
10.48550/arxiv.1610.00765,10.4000/ijcol.424,1,journal-article,TRUE
10.48550/arxiv.2108.12306,10.1016/j.spl.2021.109300,1,journal-article,TRUE
10.48550/arxiv.1310.4839,10.1364/oe.21.030243,1,journal-article,TRUE
10.48550/arxiv.1608.06708,10.1017/s0004972716001362,1,journal-article,TRUE
10.48550/arxiv.math-ph/0510042,10.1007/bf00047031,0.8534,journal-article,FALSE
10.48550/arxiv.1011.2993,10.22323/1.110.0091,1,proceedings-article,TRUE
10.48550/arxiv.2307.12320,10.1016/j.aop.2024.169694,1,journal-article,TRUE
10.48550/arxiv.1411.6415,10.1002/mana.201800237,0.8958,journal-article,FALSE
10.48550/arxiv.2112.06740,10.1103/physrevc.105.l041302,1,journal-article,TRUE
10.48550/arxiv.math/0607617,10.1016/j.spa.2006.09.012,0.9454,journal-article,FALSE
10.48550/arxiv.0810.3866,10.22323/1.066.0221,0.9861,proceedings-article,FALSE
10.48550/arxiv.2207.04958,10.1145/3555623,1,journal-article,FALSE
10.48550/arxiv.1905.08134,10.1063/1.5143120,0.9627,journal-article,FALSE
10.48550/arxiv.1707.02087,10.18287/1613-0073-2017-1904-254-262,1,proceedings-article,TRUE
10.48550/arxiv.math/0702459,10.1016/j.crma.2007.06.017,1,journal-article,TRUE
10.48550/arxiv.1605.08969,10.1109/glocom.2016.7841710,0.9365,proceedings-article,FALSE
10.48550/arxiv.2002.00803,10.1088/1751-8121/aba861,1,journal-article,TRUE
10.48550/arxiv.2304.12606,10.1109/itw61385.2024.10806956,0.91,proceedings-article,FALSE
10.48550/arxiv.2309.11225,10.3847/1538-4365/ad0645,0.9939,journal-article,TRUE
10.48550/arxiv.1110.1526,10.1039/c2sm25778e,1,journal-article,TRUE
10.48550/arxiv.2004.09677,10.24963/ijcai.2022/484,0.9617,proceedings-article,FALSE
10.48550/arxiv.1602.04835,10.1109/isit.2016.7541495,1,proceedings-article,TRUE
10.48550/arxiv.2408.14001,10.1609/aaai.v39i20.35429,1,journal-article,FALSE
10.48550/arxiv.1209.3312,10.1109/jstsp.2013.2261277,1,journal-article,TRUE
10.48550/arxiv.2004.02811,10.1007/s11854-022-0226-3,1,journal-article,TRUE
10.48550/arxiv.2310.14370,10.1103/physreve.111.l053401,1,journal-article,TRUE
10.48550/arxiv.2103.05160,10.1109/icse-companion52605.2021.00133,1,proceedings-article,TRUE
10.48550/arxiv.1901.09791,10.1609/aaai.v33i01.33012189,1,journal-article,TRUE
10.48550/arxiv.2211.12189,10.1007/s00208-023-02730-7,1,journal-article,FALSE
10.48550/arxiv.1608.05820,10.1016/j.jnt.2016.09.025,1,journal-article,TRUE
10.48550/arxiv.2110.02611,10.1007/s12220-021-00857-0,1,journal-article,FALSE
10.48550/arxiv.0803.2358,10.1088/0953-4075/42/1/015502,0.8767,journal-article,FALSE
10.48550/arxiv.2206.08367,10.1109/cvpr52688.2022.02068,1,proceedings-article,TRUE
10.48550/arxiv.1604.03238,10.24330/ieja.504101,0.8746,journal-article,FALSE
10.48550/arxiv.2010.10616,10.1109/istc49272.2021.9594186,1,proceedings-article,TRUE
10.48550/arxiv.2303.03295,10.1109/tits.2024.3399112,1,journal-article,TRUE
10.48550/arxiv.1907.00821,10.1109/access.2020.2972076,1,journal-article,TRUE
10.48550/arxiv.2308.08520,10.1109/iccvw60793.2023.00038,1,proceedings-article,TRUE
10.48550/arxiv.2403.17929,10.1109/ijcnn60899.2024.10650793,1,proceedings-article,FALSE
10.48550/arxiv.1909.07886,10.1016/j.cam.2020.112917,1,journal-article,TRUE
10.48550/arxiv.2405.15526,10.1021/acscatal.4c07156,1,journal-article,FALSE
10.48550/arxiv.2310.15992,10.3847/psj/ad0729,0.9591,journal-article,TRUE
10.48550/arxiv.2006.05830,10.1017/prm.2020.75,1,journal-article,TRUE
10.48550/arxiv.1910.08901,10.1109/icme46284.2020.9102947,0.9773,proceedings-article,TRUE
10.48550/arxiv.2109.05079,10.1137/s0040585x97t990630,1,journal-article,TRUE
10.48550/arxiv.2305.14112,10.1103/physrevfluids.8.094606,1,journal-article,TRUE
10.48550/arxiv.1902.00430,10.1111/dpr.12498,1,journal-article,FALSE
10.48550/arxiv.2005.13702,10.1109/cvpr46437.2021.00780,1,proceedings-article,TRUE
10.48550/arxiv.1802.05581,10.1007/s10107-019-01452-6,1,journal-article,TRUE
10.48550/arxiv.1912.08259,10.1007/978-3-030-86337-1_15,1,book-chapter,TRUE
10.48550/arxiv.2405.00148,10.1287/opre.2020.0217,1,journal-article,TRUE
10.48550/arxiv.1911.10511,10.1109/tnnls.2021.3072950,0.9875,journal-article,TRUE
10.48550/arxiv.gr-qc/0009081,10.1111/1467-9213.00260,1,journal-article,TRUE
10.48550/arxiv.1510.08246,10.1007/s10444-016-9506-8,1,journal-article,TRUE
10.48550/arxiv.1411.1607,10.1137/141000671,0.9875,journal-article,TRUE
10.48550/arxiv.1803.11426,10.4064/bc115-6,1,journal-article,FALSE
10.48550/arxiv.1903.11576,10.1287/ijoo.2019.0032,0.9044,journal-article,FALSE
10.48550/arxiv.2401.17003,10.1088/1748-0221/19/07/p07018,1,journal-article,FALSE
10.48550/arxiv.1909.03872,10.1007/978-3-030-36412-0_5,1,book-chapter,TRUE
10.48550/arxiv.2307.07337,10.1007/s11075-023-01623-9,1,journal-article,FALSE
10.48550/arxiv.1704.01023,10.1007/978-3-319-57586-5_22,1,book-chapter,TRUE
10.48550/arxiv.0806.2375,10.3934/era.2008.15.52,0.8929,journal-article,FALSE
10.48550/arxiv.2109.03407,10.5070/c63362800,1,journal-article,TRUE
10.48550/arxiv.1401.8260,10.1007/s10801-014-0563-0,1,journal-article,FALSE
10.48550/arxiv.2103.02015,10.1109/embc48229.2022.9871086,0.9549,proceedings-article,FALSE
10.48550/arxiv.2209.06735,10.1145/3711922,0.9875,journal-article,FALSE
10.48550/arxiv.1709.02949,10.1007/s00030-018-0513-y,1,journal-article,FALSE
10.48550/arxiv.0901.3278,10.1080/03605300903473418,0.8544,journal-article,FALSE
10.48550/arxiv.1501.07771,10.1007/s11785-015-0493-4,0.9538,journal-article,FALSE
10.48550/arxiv.1301.3672,10.22323/1.171.0073,1,proceedings-article,TRUE
10.48550/arxiv.1701.03768,10.1016/j.tcs.2018.09.016,0.9937,journal-article,FALSE
10.48550/arxiv.1805.04655,10.18653/v1/p18-1255,1,proceedings-article,TRUE
10.48550/arxiv.1505.08098,10.1016/j.cviu.2016.01.003,0.9253,journal-article,FALSE
10.48550/arxiv.2312.12574,10.1609/aaai.v38i10.28967,1,journal-article,TRUE
10.48550/arxiv.2405.06793,10.1038/s41467-025-58325-0,1,journal-article,TRUE
10.48550/arxiv.2409.10723,10.1103/physrevx.15.021006,1,journal-article,FALSE
10.48550/arxiv.2405.03576,10.1007/s10468-025-10336-7,0.8765,journal-article,FALSE
10.48550/arxiv.2310.19134,10.1137/23m1620740,1,journal-article,FALSE
10.48550/arxiv.2108.01802,10.1109/iros51168.2021.9636276,1,proceedings-article,TRUE
10.48550/arxiv.2409.06527,10.1093/mnras/stae2694,0.9324,journal-article,FALSE
10.48550/arxiv.2402.10749,10.1098/rspa.2023.0789,1,journal-article,TRUE
10.48550/arxiv.1108.5243,10.1016/j.geomphys.2014.02.002,0.9875,journal-article,TRUE
10.48550/arxiv.1501.03908,10.1090/proc12755,1,journal-article,TRUE
10.48550/arxiv.1406.4103,10.1016/j.jde.2014.09.009,1,journal-article,TRUE
10.48550/arxiv.2312.17714,10.1134/s1063779624030249,1,journal-article,TRUE
10.48550/arxiv.2112.11918,10.1016/j.compgeo.2023.105458,1,journal-article,TRUE
10.48550/arxiv.1302.3859,10.1007/s00041-014-9347-0,1,journal-article,TRUE
10.48550/arxiv.cond-mat/9906058,10.1088/0305-4470/33/14/101,1,journal-article,TRUE
10.48550/arxiv.1712.00273,10.1512/iumj.2020.69.8000,0.9875,journal-article,TRUE
10.48550/arxiv.2312.14548,10.1109/lwc.2024.3394318,1,journal-article,TRUE
10.48550/arxiv.1912.07967,10.52547/jsri.16.2.535,0.9378,journal-article,FALSE
10.48550/arxiv.2311.02837,10.1109/twc.2024.3385530,1,journal-article,TRUE
10.48550/arxiv.2005.12796,10.1038/s41598-020-76400-y,1,journal-article,TRUE
10.48550/arxiv.math/0412204,10.1007/s00039-008-0655-x,0.9036,journal-article,TRUE
10.48550/arxiv.1206.5986,10.1109/tit.2014.2300092,1,journal-article,TRUE
10.48550/arxiv.1812.09514,10.1007/978-3-031-06685-6_11,0.975,book-chapter,FALSE
10.48550/arxiv.2004.06107,10.1007/978-3-030-50423-6_36,1,book-chapter,FALSE
10.48550/arxiv.1701.06646,10.1063/1.5017962,1,journal-article,TRUE
10.48550/arxiv.1801.04692,10.1117/12.2286785,1,proceedings-article,TRUE
10.48550/arxiv.2312.02598,10.1109/ispras60948.2023.10508177,1,proceedings-article,TRUE
10.48550/arxiv.1504.03754,10.1109/tnet.2017.2718021,1,journal-article,TRUE
10.48550/arxiv.1510.06007,10.1063/1.4953384,0.8813,journal-article,FALSE
10.48550/arxiv.2110.05199,10.1080/03461238.2021.1998921,1,journal-article,TRUE
10.48550/arxiv.1803.08558,10.1007/s00332-020-09620-1,0.9761,journal-article,FALSE
10.48550/arxiv.2112.03227,10.1109/lra.2022.3180108,1,journal-article,TRUE
10.48550/arxiv.2309.08493,10.1093/mnras/stad2875,1,journal-article,TRUE
10.48550/arxiv.2012.07912,10.1109/icra40945.2020.9197570,0.8717,proceedings-article,FALSE
10.48550/arxiv.1508.00804,10.3934/cpaa.2019020,0.975,journal-article,TRUE
10.48550/arxiv.2312.06337,10.1109/tai.2024.3445325,1,journal-article,TRUE
10.48550/arxiv.math/0110022,10.1007/s00039-002-8257-5,1,journal-article,TRUE
10.48550/arxiv.1805.03366,10.18653/v1/n18-1093,0.9704,proceedings-article,TRUE
10.48550/arxiv.2305.12696,10.18653/v1/2023.findings-emnlp.1020,1,proceedings-article,TRUE
10.48550/arxiv.1908.10084,10.18653/v1/d19-1410,1,proceedings-article,TRUE
10.48550/arxiv.2103.02773,10.37394/23206.2021.20.20,1,journal-article,TRUE
10.48550/arxiv.2109.00523,10.18653/v1/2021.emnlp-main.711,1,proceedings-article,TRUE
10.48550/arxiv.1912.11565,10.1145/2024156.2024191,0.875,proceedings-article,TRUE
10.48550/arxiv.2305.08918,10.1142/s0218271823410043,1,journal-article,TRUE
10.48550/arxiv.2406.02566,10.1109/taslpro.2025.3565216,1,journal-article,FALSE
10.48550/arxiv.2210.13553,10.1063/5.0134080,1,journal-article,TRUE
10.48550/arxiv.2209.11356,10.1109/cvprw59228.2023.00217,0.9755,proceedings-article,FALSE
10.48550/arxiv.1810.11314,10.1109/jstars.2018.2878608,1,journal-article,TRUE
10.48550/arxiv.2109.05815,10.18653/v1/2021.findings-emnlp.300,1,proceedings-article,TRUE
10.48550/arxiv.2108.08935,10.1115/1.4052571,1,journal-article,TRUE
10.48550/arxiv.2106.00917,10.1515/jiip-2021-0061,1,journal-article,TRUE
10.48550/arxiv.1103.0686,10.5121/ijdms.2011.3101,1,journal-article,TRUE
10.48550/arxiv.2008.13144,10.21437/interspeech.2020-2720,1,proceedings-article,TRUE
10.48550/arxiv.1504.02937,10.32917/hmj/1487991626,1,journal-article,TRUE
10.48550/arxiv.2012.03298,10.1109/iccv48922.2021.01531,1,proceedings-article,TRUE
10.48550/arxiv.1611.01278,10.1109/isit.2017.8006768,1,proceedings-article,TRUE
10.48550/arxiv.1007.2956,10.22323/1.120.0163,0.9374,proceedings-article,FALSE
10.48550/arxiv.1904.00168,10.1109/iccv.2019.01014,0.9895,proceedings-article,FALSE
10.48550/arxiv.1505.03924,10.1137/140981575,0.8785,journal-article,FALSE
10.48550/arxiv.2107.02882,10.1007/s00453-022-00965-5,1,journal-article,TRUE
10.48550/arxiv.1211.3918,10.1007/s00031-014-9285-6,1,journal-article,TRUE
10.48550/arxiv.1505.02789,10.1051/0004-6361/201425541,0.9858,journal-article,TRUE
10.48550/arxiv.2310.06342,10.1109/ijcnn60899.2024.10650201,0.8855,proceedings-article,FALSE
10.48550/arxiv.1710.08014,10.1109/iccv.2017.240,1,proceedings-article,TRUE
10.48550/arxiv.1001.1554,10.1007/s00208-011-0702-z,1,journal-article,TRUE
10.48550/arxiv.1409.6640,10.1007/s00493-018-3572-0,0.875,journal-article,TRUE
10.48550/arxiv.1508.04173,10.5486/pmd.2017.7689,1,journal-article,TRUE
10.48550/arxiv.1603.07907,10.1016/j.na.2017.01.012,1,journal-article,TRUE
10.48550/arxiv.2311.13959,10.1109/tpami.2024.3520899,1,journal-article,FALSE
10.48550/arxiv.1505.00102,10.1007/s00006-016-0709-3,1,journal-article,TRUE
10.48550/arxiv.1008.3125,10.1016/j.nonrwa.2011.06.015,1,journal-article,TRUE
10.48550/arxiv.cond-mat/0408391,10.1088/1367-2630/9/8/282,0.9375,journal-article,TRUE
10.48550/arxiv.1301.4044,10.1142/9789814623995_0227,0.9945,proceedings-article,FALSE
10.48550/arxiv.dg-ga/9606001,10.1007/s000390050014,1,journal-article,TRUE
10.48550/arxiv.0801.1522,10.3182/20080706-5-kr-1001.01477,0.9841,journal-article,TRUE
10.48550/arxiv.1705.06789,10.1007/s00208-022-02537-y,0.875,journal-article,TRUE
10.48550/arxiv.2104.06255,10.1190/segam2021-3581836.1,1,proceedings-article,TRUE
10.48550/arxiv.1904.05428,10.1080/00036811.2021.1895985,1,journal-article,TRUE
10.48550/arxiv.2306.06730,10.15559/23-vmsta231,1,journal-article,TRUE
10.48550/arxiv.2105.03571,10.18653/v1/2021.acl-long.193,1,proceedings-article,FALSE
10.48550/arxiv.1508.05460,10.1007/s00186-015-0528-7,1,journal-article,FALSE
10.48550/arxiv.1708.08622,10.2139/ssrn.3028488,1,journal-article,TRUE
10.48550/arxiv.2306.03271,10.1109/tbme.2025.3566995,1,journal-article,TRUE
10.48550/arxiv.math/0610468,10.4153/cmb-2010-008-4,0.862,journal-article,TRUE
10.48550/arxiv.0712.2602,10.4171/pm/1774,0.8826,journal-article,FALSE
10.48550/arxiv.1701.06248,10.1145/3087604.3087615,0.9959,proceedings-article,FALSE
10.48550/arxiv.2403.09866,10.1021/acsami.4c06081,0.9551,journal-article,FALSE
10.48550/arxiv.2211.12089,10.1016/j.iswa.2023.200183,1,journal-article,TRUE
10.48550/arxiv.0806.0777,10.1002/mana.200810234,0.851,journal-article,FALSE
10.48550/arxiv.1607.03036,10.1137/1.9781611974775.14,1,proceedings-article,TRUE
10.48550/arxiv.cond-mat/0008168,10.1140/epjd/e20020083,1,journal-article,TRUE
10.48550/arxiv.1503.05775,10.1007/s11071-016-2626-3,1,journal-article,TRUE
10.48550/arxiv.1910.11816,10.1007/s10801-021-01060-8,1,journal-article,FALSE
10.48550/arxiv.1911.01073,10.1080/10438599.2020.1769810,0.8768,journal-article,FALSE
10.48550/arxiv.1211.0337,10.1007/s12220-013-9423-8,1,journal-article,TRUE
10.48550/arxiv.2207.04536,10.21468/scipostphys.14.3.036,0.982,journal-article,TRUE
10.48550/arxiv.2205.09753,10.1109/tpami.2023.3298301,1,journal-article,TRUE
10.48550/arxiv.2405.01809,10.1109/csf61375.2024.00047,1,proceedings-article,FALSE
10.48550/arxiv.2304.04209,10.1039/d3mh00743j,0.948,journal-article,FALSE
10.48550/arxiv.2009.06464,10.1007/s00013-022-01817-y,0.9457,journal-article,FALSE
10.48550/arxiv.2210.14661,10.1109/icassp49357.2023.10096760,1,proceedings-article,TRUE
10.48550/arxiv.1705.10922,10.1186/s12859-019-2829-y,0.9775,journal-article,FALSE
10.48550/arxiv.2112.08976,10.22323/1.398.0444,1,proceedings-article,TRUE
10.48550/arxiv.2203.16579,10.22323/1.411.0054,0.9813,proceedings-article,TRUE
10.48550/arxiv.1608.00730,10.1017/s1471068416000284,1,journal-article,TRUE
10.48550/arxiv.1801.02812,10.1007/s00454-019-00104-y,1,journal-article,FALSE
10.48550/arxiv.1807.05641,10.1007/s00283-018-9837-z,1,journal-article,FALSE
10.48550/arxiv.1602.06468,10.1145/2939672.2939829,1,proceedings-article,FALSE
10.48550/arxiv.1706.06242,10.1007/s10476-019-0818-z,0.9046,journal-article,FALSE
10.48550/arxiv.2204.07978,10.1088/2058-6272/ac92cc,1,journal-article,TRUE
10.48550/arxiv.astro-ph/0107376,10.1046/j.1365-8711.2001.04825.x,0.8915,journal-article,FALSE
10.48550/arxiv.physics/0510169,10.1007/3-540-34523-x_14,1,book-chapter,FALSE
10.48550/arxiv.2107.09173,10.1016/j.jnt.2022.01.013,1,journal-article,TRUE
10.48550/arxiv.2412.10978,10.3390/bdcc9020023,0.9527,journal-article,FALSE
10.48550/arxiv.1911.06524,10.1007/978-3-030-53305-2_12,1,book-chapter,TRUE
10.48550/arxiv.1708.08844,10.1109/iccvw.2017.105,1,proceedings-article,TRUE
10.48550/arxiv.2102.04310,10.3389/frai.2021.682578,1,journal-article,TRUE
10.48550/arxiv.math/0005139,10.1007/10722028_2,0.9693,book-chapter,TRUE
10.48550/arxiv.math/0401131,10.1007/s00211-004-0517-x,1,journal-article,TRUE
10.48550/arxiv.2301.00419,10.1137/24m1631602,0.9728,journal-article,FALSE
10.48550/arxiv.2006.05005,10.1080/00036811.2020.1792447,1,journal-article,TRUE
10.48550/arxiv.2104.11613,10.1016/j.apal.2023.103246,0.9875,journal-article,TRUE
10.48550/arxiv.2205.02058,10.21437/interspeech.2022-10770,1,proceedings-article,TRUE
10.48550/arxiv.2411.11283,10.1109/icdm59182.2024.00098,1,proceedings-article,FALSE
10.48550/arxiv.math/9503212,10.1016/0167-7152(95)00096-8,1,journal-article,TRUE
10.48550/arxiv.quant-ph/0512126,10.1007/s10958-008-9120-5,0.8503,journal-article,FALSE
10.48550/arxiv.0704.1475,10.1016/j.spa.2008.06.001,0.9931,journal-article,TRUE
10.48550/arxiv.1610.08913,10.1090/tran/7684,0.9875,journal-article,TRUE
10.48550/arxiv.2203.01593,10.1016/j.neucom.2022.02.045,1,journal-article,TRUE
10.48550/arxiv.2404.18056,10.1007/s10231-025-01574-z,0.9635,journal-article,FALSE
10.48550/arxiv.2310.02418,10.1021/acs.jpcc.3c04836,0.9581,journal-article,FALSE
10.48550/arxiv.2212.07274,10.1088/1742-6596/2438/1/012119,1,journal-article,TRUE
10.48550/arxiv.astro-ph/9809343,10.1046/j.1365-8711.2000.03145.x,1,journal-article,TRUE
10.48550/arxiv.1903.06377,10.1007/s00209-021-02788-6,1,journal-article,TRUE
10.48550/arxiv.2310.09858,10.1109/vtc2024-spring62846.2024.10683304,1,proceedings-article,FALSE
10.48550/arxiv.2302.08918,10.1038/s41598-023-37303-w,1,journal-article,FALSE
10.48550/arxiv.2407.19293,10.1103/physrevlett.134.023804,0.9971,journal-article,TRUE
10.48550/arxiv.2205.08063,10.1109/tcns.2022.3226941,0.9934,journal-article,TRUE
10.48550/arxiv.2112.09489,10.1109/twc.2022.3187468,1,journal-article,TRUE
10.48550/arxiv.2501.10235,10.1609/aaai.v39i18.34136,1,journal-article,TRUE
10.48550/arxiv.1908.07260,10.1090/ecgd/346,1,journal-article,TRUE
10.48550/arxiv.1506.07543,10.1093/imanum/drv067,1,journal-article,TRUE
10.48550/arxiv.2205.10620,10.1109/wcnc55385.2023.10118792,1,proceedings-article,TRUE
10.48550/arxiv.1207.5637,10.1016/j.geomphys.2013.04.010,1,journal-article,TRUE
10.48550/arxiv.2501.06151,10.2352/ei.2025.37.12.hpci-177,1,journal-article,FALSE
10.48550/arxiv.1108.0321,10.1007/s00365-015-9288-0,0.9729,journal-article,FALSE
10.48550/arxiv.1707.06158,10.1007/s00365-017-9397-z,1,journal-article,TRUE
10.48550/arxiv.2304.03436,10.2139/ssrn.4410968,1,journal-article,TRUE
10.48550/arxiv.1604.04852,10.1007/s11045-018-0615-z,0.8673,journal-article,FALSE
10.48550/arxiv.1805.03646,10.3906/mat-1910-59,1,journal-article,FALSE
10.48550/arxiv.1901.10631,10.1007/s00454-022-00477-7,0.975,journal-article,TRUE
10.48550/arxiv.1906.07411,10.1007/s10474-020-01020-x,1,journal-article,TRUE
10.48550/arxiv.2301.09948,10.1029/2023ef003777,1,journal-article,TRUE
10.48550/arxiv.2311.08826,10.1007/s13160-024-00649-3,1,journal-article,FALSE
10.48550/arxiv.1412.4241,10.1214/14-bjps276,1,journal-article,TRUE
10.48550/arxiv.2109.04413,10.18653/v1/2021.findings-emnlp.294,1,proceedings-article,TRUE
10.48550/arxiv.2409.19895,10.1364/fio.2024.fm5b.6,0.8611,proceedings-article,FALSE
10.48550/arxiv.1710.05201,10.3389/fncom.2018.00109,0.8838,journal-article,FALSE
10.48550/arxiv.2104.00810,10.4171/jncg/491,1,journal-article,TRUE
10.48550/arxiv.1109.4222,10.4134/bkms.2012.49.5.1081,1,journal-article,TRUE
10.48550/arxiv.2111.11129,10.7557/18.6818,1,journal-article,TRUE
10.48550/arxiv.2211.11927,10.1016/j.jpaa.2023.107567,1,journal-article,TRUE
10.48550/arxiv.2204.11447,10.1145/3511808.3557312,1,proceedings-article,TRUE
10.48550/arxiv.0901.4240,10.1016/j.aim.2010.06.001,1,journal-article,TRUE
10.48550/arxiv.1207.6782,10.24033/asens.2213,1,journal-article,TRUE
10.48550/arxiv.1503.00055,10.4310/cag.2020.v28.n1.a4,0.875,journal-article,TRUE
10.48550/arxiv.2212.07180,10.1007/s00493-024-00102-6,1,journal-article,FALSE
10.48550/arxiv.math/0601455,10.1215/00127094-2008-020,1,journal-article,TRUE
10.48550/arxiv.2202.12511,10.1214/23-aos2275,1,journal-article,TRUE
10.48550/arxiv.1707.08023,10.1117/12.2258616,1,proceedings-article,TRUE
10.48550/arxiv.1506.04971,10.1007/978-3-319-22482-4_4,0.918,book-chapter,FALSE
10.48550/arxiv.1106.2698,10.1137/110837437,0.9776,journal-article,FALSE
10.48550/arxiv.2012.07064,10.1145/3437963.3441738,1,proceedings-article,TRUE
10.48550/arxiv.1901.01063,10.1007/s00605-020-01455-y,1,journal-article,TRUE
10.48550/arxiv.2401.16726,10.1109/itw61385.2024.10806919,1,proceedings-article,FALSE
10.48550/arxiv.physics/0603169,10.1002/pamm.200610293,0.9062,journal-article,FALSE
10.48550/arxiv.1808.10427,10.1007/978-981-13-2853-4_4,1,book-chapter,TRUE
10.48550/arxiv.2402.13863,10.1103/prxquantum.6.010357,1,journal-article,FALSE
10.48550/arxiv.2303.16794,10.1088/1751-8121/ad1b74,1,journal-article,TRUE
10.48550/arxiv.2303.16340,10.1109/jiot.2023.3327316,1,journal-article,TRUE
10.48550/arxiv.2310.02428,10.1039/d4dd00027g,1,journal-article,TRUE
10.48550/arxiv.0711.4949,10.4153/cmb-2011-082-4,0.8649,journal-article,TRUE
10.48550/arxiv.1901.03004,10.1364/qim.2019.t5a.46,0.8976,proceedings-article,FALSE
10.48550/arxiv.2406.10040,10.18653/v1/2024.semeval-1.184,1,proceedings-article,TRUE
10.48550/arxiv.astro-ph/9802177,10.1007/978-94-015-9139-3_19,1,book-chapter,FALSE
10.48550/arxiv.2401.17706,10.1145/3613905.3650875,1,proceedings-article,TRUE
10.48550/arxiv.2412.17873,10.1016/j.geomphys.2025.105489,1,journal-article,FALSE
10.48550/arxiv.1607.00681,10.1137/16m1083207,1,journal-article,TRUE
10.48550/arxiv.1704.05279,10.2478/tmmp-2019-0017,0.9816,journal-article,FALSE
10.48550/arxiv.1312.5173,10.1109/iwsda.2015.7458385,1,proceedings-article,TRUE
10.48550/arxiv.1501.00312,10.1214/16-aos1471,1,journal-article,TRUE
10.48550/arxiv.0908.3927,10.1512/iumj.2010.59.4144,1,journal-article,FALSE
10.48550/arxiv.0806.1925,10.1137/080726902,1,journal-article,TRUE
10.48550/arxiv.2210.12549,10.2139/ssrn.4255917,1,journal-article,TRUE
10.48550/arxiv.hep-ex/0507091,10.2172/15020183,0.875,report,TRUE
10.48550/arxiv.1901.05341,10.1109/pesgm40551.2019.8973714,1,proceedings-article,TRUE
10.48550/arxiv.2406.01700,10.1093/mnras/staf040,1,journal-article,TRUE
10.48550/arxiv.2212.11414,10.1145/3631972,1,journal-article,TRUE
10.48550/arxiv.1704.08835,10.1007/978-3-319-62127-2_19,1,book-chapter,TRUE
10.48550/arxiv.1502.03004,10.4310/jdg/1525399219,0.9875,journal-article,TRUE
10.48550/arxiv.1612.04357,10.1109/cvpr.2017.202,1,proceedings-article,TRUE
10.48550/arxiv.2407.15617,10.1007/978-3-031-73001-6_17,1,book-chapter,FALSE
10.48550/arxiv.2005.02849,10.1088/1367-2630/abcb2e,0.9711,journal-article,TRUE
10.48550/arxiv.2204.07157,10.1109/cvpr52688.2022.00265,1,proceedings-article,TRUE
10.48550/arxiv.1902.08263,10.1007/978-3-030-22196-6_33,1,book-chapter,TRUE
10.48550/arxiv.1711.01813,10.1109/twc.2017.2767030,0.9547,journal-article,TRUE
10.48550/arxiv.1101.0279,10.1007/s00205-012-0529-0,1,journal-article,TRUE
10.48550/arxiv.1203.3000,10.1007/s10958-010-0144-2,0.8624,journal-article,FALSE
10.48550/arxiv.1908.03402,10.18653/v1/w19-5417,1,proceedings-article,TRUE
10.48550/arxiv.1703.00238,10.1007/s00208-020-01962-1,0.9875,journal-article,FALSE
10.48550/arxiv.2407.03942,10.1609/aaai.v38i16.29768,0.8529,journal-article,FALSE
10.48550/arxiv.2003.09270,10.1039/d0sm00390e,1,journal-article,TRUE
10.48550/arxiv.1110.1446,10.1142/s0219498812500636,1,journal-article,TRUE
10.48550/arxiv.2104.05354,10.1017/jfm.2021.843,1,journal-article,TRUE
10.48550/arxiv.1402.7156,10.1016/j.mbs.2014.08.001,1,journal-article,TRUE
10.48550/arxiv.1906.00793,10.2514/6.2019-2983,1,proceedings-article,TRUE
10.48550/arxiv.2009.12465,10.3847/25c2cfeb.f51744bb,0.9972,journal-article,TRUE
10.48550/arxiv.1510.03344,10.1088/0953-2048/29/4/045005,0.9613,journal-article,TRUE
10.48550/arxiv.1812.05389,10.2991/jase.d.190131.001,1,journal-article,TRUE
10.48550/arxiv.2310.11923,10.18653/v1/2023.blackboxnlp-1.11,1,proceedings-article,TRUE
10.48550/arxiv.1711.11202,10.1016/j.ffa.2018.08.008,0.9414,journal-article,TRUE
10.48550/arxiv.2405.00545,10.1109/isit57864.2024.10619705,1,proceedings-article,TRUE
10.48550/arxiv.2212.12112,10.2514/1.j063004,1,journal-article,TRUE
10.48550/arxiv.2404.03406,10.1007/jhep12(2024)171,1,journal-article,FALSE
10.48550/arxiv.2010.10412,10.11159/icsta21.001,0.9167,proceedings-article,TRUE
10.48550/arxiv.2405.12284,10.1051/0004-6361/202348991,0.965,journal-article,TRUE
10.48550/arxiv.1512.00490,10.1109/icc.2016.7510793,1,proceedings-article,TRUE
10.48550/arxiv.1310.4663,10.4064/sm224-3-1,1,journal-article,TRUE
10.48550/arxiv.2211.00987,10.1145/3635154,1,journal-article,TRUE
10.48550/arxiv.2112.14616,10.32614/rj-2023-016,1,journal-article,TRUE
10.48550/arxiv.2307.15201,10.1126/science.adj9587,0.9138,journal-article,TRUE
10.48550/arxiv.2310.09897,10.18653/v1/2023.emnlp-main.986,1,proceedings-article,TRUE
10.48550/arxiv.2409.15959,10.1109/vr59515.2025.00056,1,proceedings-article,FALSE
10.48550/arxiv.2412.08176,10.1609/aaai.v39i8.32942,1,journal-article,FALSE
10.48550/arxiv.2309.14515,10.1016/j.nima.2024.169436,1,journal-article,TRUE
10.48550/arxiv.2403.19314,10.1109/cvpr52733.2024.01971,1,proceedings-article,FALSE
10.48550/arxiv.2409.10642,10.1007/s11225-024-10110-8,0.9925,journal-article,FALSE
10.48550/arxiv.2105.05976,10.1109/lcsys.2021.3089564,1,journal-article,TRUE
10.48550/arxiv.1410.3198,10.1142/9789814644730_0012,1,proceedings-article,TRUE
10.48550/arxiv.2308.03277,10.1109/cloudnet59005.2023.10490075,1,proceedings-article,TRUE
10.48550/arxiv.0707.3401,10.2140/pjm.2008.237.349,1,journal-article,TRUE
10.48550/arxiv.physics/0504121,10.1007/88-470-0389-x_21,1,book-chapter,FALSE
10.48550/arxiv.1510.02361,10.1002/mma.4473,0.9795,journal-article,TRUE
10.48550/arxiv.2103.16493,10.1007/978-3-030-78191-0_7,1,book-chapter,TRUE
10.48550/arxiv.2309.02578,10.1007/978-3-031-43907-0_6,1,book-chapter,FALSE
10.48550/arxiv.1004.3956,10.1016/j.jde.2011.07.011,0.9576,journal-article,FALSE
10.48550/arxiv.1609.01482,10.2298/fil1713261z,0.8928,journal-article,FALSE
10.48550/arxiv.2101.08751,10.1007/978-3-030-72240-1_26,1,book-chapter,TRUE
10.48550/arxiv.1801.08353,10.1109/tsg.2019.2906016,1,journal-article,TRUE
10.48550/arxiv.0806.2341,10.1038/nphys1129,0.9364,journal-article,FALSE
10.48550/arxiv.1808.01797,10.1007/s10948-018-4838-x,0.9678,journal-article,TRUE
10.48550/arxiv.2203.03551,10.1109/ieeeconf53345.2021.9723109,0.875,proceedings-article,TRUE
10.48550/arxiv.1703.03779,10.1016/j.future.2019.08.014,0.9875,journal-article,TRUE
10.48550/arxiv.1401.5895,10.1007/978-3-319-21356-9_15,0.9956,book-chapter,FALSE
10.48550/arxiv.1909.03852,10.1007/978-3-030-26980-7_50,1,book-chapter,TRUE
10.48550/arxiv.2503.12233,10.1109/twc.2025.3559075,1,journal-article,FALSE
10.48550/arxiv.2203.13885,10.4007/annals.2024.200.2.2,1,journal-article,FALSE
10.48550/arxiv.0903.5376,10.1007/s12044-010-0046-8,1,journal-article,TRUE
10.48550/arxiv.1008.0359,10.1063/1.4711023,0.9875,journal-article,TRUE
10.48550/arxiv.1911.12669,10.1515/mcwf-2020-0105,1,journal-article,TRUE
10.48550/arxiv.1210.4280,10.1017/s1743921314011788,0.8742,journal-article,TRUE
10.48550/arxiv.1908.11060,10.1109/icdar.2019.00195,1,proceedings-article,TRUE
10.48550/arxiv.2105.14572,10.1109/icip42928.2021.9506337,1,proceedings-article,TRUE
10.48550/arxiv.1502.02059,10.1007/978-3-319-31580-5_9,1,book-chapter,TRUE
10.48550/arxiv.1010.0665,10.1080/10586458.2012.661323,1,journal-article,TRUE
10.48550/arxiv.2404.12891,10.1093/qmath/haae021,1,journal-article,TRUE
10.48550/arxiv.2308.10496,10.1007/s42979-025-03798-5,0.9354,journal-article,FALSE
10.48550/arxiv.1102.3670,10.1007/s00454-011-9372-6,1,journal-article,FALSE
10.48550/arxiv.1708.08608,10.1016/j.dark.2019.100274,0.9878,journal-article,TRUE
10.48550/arxiv.2007.13172,10.1007/978-3-030-58452-8_27,1,book-chapter,TRUE
10.48550/arxiv.1607.02739,10.3906/fiz-1703-19,0.9939,journal-article,TRUE
10.48550/arxiv.1709.06951,10.1109/tcomm.2018.2841929,1,journal-article,TRUE
10.48550/arxiv.2009.08890,10.1016/j.amc.2021.126356,1,journal-article,TRUE
10.48550/arxiv.1807.08474,10.1007/s41095-017-0100-x,0.9718,journal-article,FALSE
10.48550/arxiv.2310.10444,10.1093/mnras/stad3192,0.9382,journal-article,FALSE
10.48550/arxiv.2108.10809,10.1109/iccv48922.2021.00361,1,proceedings-article,TRUE
10.48550/arxiv.2004.06906,10.1007/978-3-030-53448-6_54,1,book-chapter,FALSE
10.48550/arxiv.0901.4024,10.1016/j.jfa.2010.02.007,1,journal-article,TRUE
10.48550/arxiv.1102.5701,10.22323/1.110.0116,1,proceedings-article,FALSE
10.48550/arxiv.2303.09589,10.1119/5.0150860,0.967,journal-article,FALSE
10.48550/arxiv.quant-ph/9610040,10.1103/physrevlett.78.1600,0.8789,journal-article,FALSE
10.48550/arxiv.1406.5651,10.1016/j.spa.2018.01.003,0.975,journal-article,TRUE
10.48550/arxiv.2304.11538,10.1090/qam/1672,1,journal-article,TRUE
10.48550/arxiv.1708.00742,10.1109/glocom.2017.8254879,1,proceedings-article,TRUE
10.48550/arxiv.1901.08048,10.13001/ela.2020.5225,1,journal-article,TRUE
10.48550/arxiv.2208.12318,10.3934/dcdss.2023033,1,journal-article,TRUE
10.48550/arxiv.2211.02792,10.1007/s10092-023-00522-8,1,journal-article,TRUE
10.48550/arxiv.2103.05941,10.1109/icra48506.2021.9561773,1,proceedings-article,TRUE
10.48550/arxiv.2202.00899,10.1016/j.fss.2024.108892,1,journal-article,TRUE
10.48550/arxiv.1512.07046,10.1613/jair.4780,1,journal-article,TRUE
10.48550/arxiv.1010.2483,10.1090/s0894-0347-2011-00716-9,1,journal-article,TRUE
10.48550/arxiv.0906.4519,10.4171/ggd/100,1,journal-article,TRUE
10.48550/arxiv.2201.09165,10.1109/icassp43922.2022.9747278,1,proceedings-article,TRUE
10.48550/arxiv.2407.17134,10.1142/s021949882650088x,1,journal-article,FALSE
10.48550/arxiv.math/9801081,10.1090/s0894-0347-98-00275-6,1,journal-article,FALSE
10.48550/arxiv.2209.06420,10.1016/j.jsb.2023.107994,1,journal-article,TRUE
10.48550/arxiv.2310.16680,10.1088/1361-6463/ad5356,0.922,journal-article,TRUE
10.48550/arxiv.2310.09368,10.2514/1.j063407,0.9954,journal-article,TRUE
10.48550/arxiv.math/0010296,10.4310/mrl.2001.v8.n4.a15,1,journal-article,TRUE
10.48550/arxiv.2212.13525,10.1109/wacv56688.2023.00181,1,proceedings-article,TRUE
10.48550/arxiv.2102.11782,10.1145/3582499,1,journal-article,TRUE
10.48550/arxiv.1612.00973,10.1515/math-2018-0023,0.9406,journal-article,FALSE
10.48550/arxiv.1708.08783,10.1007/s11425-019-1830-3,0.9712,journal-article,FALSE
