input_doi,matched_doi,confidence
10.48550/arxiv.astro-ph/9610178,10.1086/304081,0.9949
10.48550/arxiv.2308.02419,10.1145/3580305.3599872,1.0000
10.48550/arxiv.hep-ph/0307201,10.1063/1.1627732,0.8529
10.48550/arxiv.1308.5952,10.1016/j.jcp.2014.01.029,1.0000
10.48550/arxiv.1506.07028,10.1038/nmat4248,1.0000
10.48550/arxiv.1507.07129,,
10.48550/arxiv.1710.10272,10.1103/physrevb.97.121404,0.8190
10.48550/arxiv.0707.0439,10.1103/physreve.76.050101,1.0000
10.48550/arxiv.1904.09811,10.1109/access.2020.3014458,1.0000
10.48550/arxiv.1810.07360,10.4310/pamq.2022.v18.n3.a3,0.9765
10.48550/arxiv.1209.3846,10.1209/0295-5075/101/17004,0.8737
10.48550/arxiv.1801.00128,10.1007/s10701-017-0093-4,0.8824
10.48550/arxiv.astro-ph/0507635,10.1086/491707,0.9681
10.48550/arxiv.2007.15570,10.2172/1827264,0.9941
10.48550/arxiv.2403.09607,10.1145/3613904.3642083,1.0000
10.48550/arxiv.physics/0609203,10.1103/physrevlett.97.244101,0.8342
10.48550/arxiv.2105.04560,10.1093/mnras/stab2492,1.0000
10.48550/arxiv.2103.08388,10.1103/physrevapplied.16.054032,1.0000
10.48550/arxiv.2006.06027,10.1093/mnras/staa1700,1.0000
10.48550/arxiv.0705.1559,10.1088/1367-2630/9/11/421,0.9952
10.48550/arxiv.1306.1289,10.1007/s11433-013-5378-9,1.0000
10.48550/arxiv.1711.05921,10.1103/physrevd.97.055017,0.9548
10.48550/arxiv.1112.4334,10.1111/j.1365-2966.2012.22136.x,0.8783
10.48550/arxiv.1704.01897,10.1109/tnnls.2017.2689242,1.0000
10.48550/arxiv.1909.13728,10.1103/physrevd.102.083528,1.0000
10.48550/arxiv.1708.08884,10.1017/s1743921317008730,1.0000
10.48550/arxiv.2110.14246,10.1093/mnras/stac1266,1.0000
10.48550/arxiv.2009.13825,10.1103/physrevresearch.2.043212,1.0000
10.48550/arxiv.2304.05951,10.1103/physrevlett.132.033402,1.0000
10.48550/arxiv.2102.01786,10.1039/d1sm00380a,1.0000
10.48550/arxiv.2106.14847,10.1063/5.0061605,0.9972
10.48550/arxiv.2401.00928,10.1145/3637382,1.0000
10.48550/arxiv.1503.02010,10.1103/physreva.91.053628,1.0000
10.48550/arxiv.1501.00699,10.1364/josaa.31.002256,0.8704
10.48550/arxiv.0812.3219,10.1007/978-3-642-11250-8_16,1.0000
10.48550/arxiv.2012.01501,,
10.48550/arxiv.1209.0929,10.1063/1.4769253,1.0000
10.48550/arxiv.hep-ph/9808295,10.1142/s021773239900153x,0.8824
10.48550/arxiv.0909.3916,10.1112/s0010437x1000494x,1.0000
10.48550/arxiv.0711.2877,10.2478/s11534-009-0010-3,1.0000
10.48550/arxiv.math/0212001,10.1007/s00220-004-1166-8,1.0000
10.48550/arxiv.1207.1009,10.1088/0264-9381/30/1/015008,1.0000
10.48550/arxiv.0910.2537,10.1007/jhep01(2010)070,0.9436
10.48550/arxiv.2209.07296,10.1007/jhep02(2023)187,1.0000
10.48550/arxiv.0904.0265,10.1088/0953-4075/42/20/205401,0.9986
10.48550/arxiv.1310.1350,10.1103/physreva.88.043627,0.9911
10.48550/arxiv.2006.02336,10.22331/q-2021-06-29-483,1.0000
10.48550/arxiv.0802.4035,,
10.48550/arxiv.1903.06805,10.1063/1.5084693,0.9928
10.48550/arxiv.1006.5097,10.4204/eptcs.28.4,1.0000
10.48550/arxiv.1311.1927,,
10.48550/arxiv.1905.07099,10.1063/1.5110226,0.9541
10.48550/arxiv.2404.02980,10.1088/1361-6382/ad5c35,0.8123
10.48550/arxiv.1602.01115,10.1002/asna.201612382,0.9603
10.48550/arxiv.2205.07374,10.1103/physrevd.106.063529,1.0000
10.48550/arxiv.2303.13676,10.1051/0004-6361/202245673,1.0000
10.48550/arxiv.0809.5222,10.1088/1367-2630/11/4/043009,1.0000
10.48550/arxiv.1907.11829,10.1016/j.heliyon.2018.e01038,0.8275
10.48550/arxiv.1607.06487,10.1051/0004-6361/201628672,1.0000
10.48550/arxiv.1803.00972,10.1103/physreva.97.032129,1.0000
10.48550/arxiv.2004.07112,10.1080/03091929.2020.1795647,0.9703
10.48550/arxiv.2202.08570,10.1103/physrevb.106.195103,0.8672
10.48550/arxiv.2103.02245,10.3847/1538-4357/abeb17,0.9866
10.48550/arxiv.1608.05147,,
10.48550/arxiv.1311.2576,10.1103/physrevb.91.020501,1.0000
10.48550/arxiv.2304.10682,10.1364/josaa.489903,1.0000
10.48550/arxiv.2001.12002,10.1063/5.0004954,1.0000
10.48550/arxiv.2111.13498,10.1103/physrevb.107.014404,0.9216
10.48550/arxiv.1804.00324,10.3847/1538-4357/aabad4,1.0000
10.48550/arxiv.2303.05782,10.3847/1538-4357/acb998,0.9862
10.48550/arxiv.hep-ph/0010088,10.1016/s0370-2693(00)00550-5,0.9754
10.48550/arxiv.1910.08651,10.1007/jhep04(2020)121,1.0000
10.48550/arxiv.1804.06073,10.1093/mnras/sty918,0.9799
10.48550/arxiv.astro-ph/0602340,10.1098/rsta.2006.1879,0.9014
10.48550/arxiv.hep-ph/9907234,10.1016/s0370-2693(99)00998-3,1.0000
10.48550/arxiv.astro-ph/9406006,10.1086/187483,0.9955
10.48550/arxiv.hep-ph/0109173,10.1103/physrevd.65.085009,1.0000
10.48550/arxiv.0711.2729,10.1103/physrevlett.100.018701,1.0000
10.48550/arxiv.2112.02642,10.1103/physrevresearch.4.023064,1.0000
10.48550/arxiv.2006.09798,10.1103/physrevresearch.2.043168,1.0000
10.48550/arxiv.astro-ph/0403324,10.1007/978-3-540-31535-3_5,0.9874
10.48550/arxiv.1210.2191,10.1051/0004-6361/201220587,1.0000
10.48550/arxiv.2309.04614,10.3847/1538-4357/ad3914,0.9716
10.48550/arxiv.1505.03639,10.1088/1748-0221/10/05/c05015,1.0000
10.48550/arxiv.2210.04862,10.1063/5.0129916,1.0000
10.48550/arxiv.0804.2135,10.1063/1.3514984,0.9882
10.48550/arxiv.1705.08345,10.1103/physreva.96.043401,1.0000
10.48550/arxiv.2408.02395,10.23919/ecc64448.2024.10590940,1.0000
10.48550/arxiv.cond-mat/0503205,10.1103/physreve.72.066115,1.0000
10.48550/arxiv.1812.07171,10.1016/j.physleta.2018.12.027,1.0000
10.48550/arxiv.2202.11675,10.1103/physrevd.107.043006,1.0000
10.48550/arxiv.hep-th/0404236,10.1103/physrevd.70.044034,1.0000
10.48550/arxiv.cond-mat/0402234,,
10.48550/arxiv.1910.11173,10.1007/978-3-030-17593-1_2,1.0000
10.48550/arxiv.2103.07860,10.3847/2041-8213/abee92,1.0000
10.48550/arxiv.1906.09704,10.1515/fca-2020-0034,1.0000
10.48550/arxiv.1308.4573,,
10.48550/arxiv.q-bio/0502013,10.1103/physreve.72.016123,0.9305
10.48550/arxiv.1406.0511,10.1093/mnrasl/slu155,1.0000
10.48550/arxiv.2212.04653,10.1093/mnras/stad442,1.0000
10.48550/arxiv.1810.01451,10.1103/physrevb.99.165140,0.9968
10.48550/arxiv.1904.11847,10.1039/c9fd00050j,1.0000
10.48550/arxiv.cs/0601102,10.1109/tit.2006.871581,1.0000
10.48550/arxiv.1403.5136,10.1063/1.4891979,1.0000
10.48550/arxiv.1703.01629,10.1140/epjd/e2018-80684-y,1.0000
10.48550/arxiv.0801.2157,10.1088/1126-6708/2008/02/059,1.0000
10.48550/arxiv.1701.02170,10.1070/sm8756,0.9867
10.48550/arxiv.1304.2589,10.1140/epja/i2013-13079-6,0.9551
10.48550/arxiv.2012.12233,10.1103/physrevx.11.021035,0.8648
10.48550/arxiv.2406.04080,10.1116/5.0210068,1.0000
10.48550/arxiv.1404.5865,10.1007/jhep06(2014)022,0.9454
10.48550/arxiv.0808.0071,10.1063/1.2965031,0.8025
10.48550/arxiv.1809.03197,10.21468/scipostphys.6.2.023,1.0000
10.48550/arxiv.1908.06221,10.1093/mnras/stz2299,1.0000
10.48550/arxiv.gr-qc/0202086,10.1103/physrevd.67.024025,1.0000
10.48550/arxiv.2307.10029,10.1093/mnras/stad2111,1.0000
10.48550/arxiv.1307.2460,10.1063/1.4821616,1.0000
10.48550/arxiv.2307.00880,10.1109/tip.2023.3270103,1.0000
10.48550/arxiv.1604.05457,10.1103/physreva.93.063616,1.0000
10.48550/arxiv.0706.0393,10.1529/biophysj.107.112417,1.0000
10.48550/arxiv.2104.12868,10.3233/idt-200220,0.9891
10.48550/arxiv.2410.23264,10.1103/physrevd.111.l081304,1.0000
10.48550/arxiv.1910.12620,10.23919/eusipco47968.2020.9287606,1.0000
10.48550/arxiv.0902.0008,10.1088/1475-7516/2009/09/029,1.0000
10.48550/arxiv.cond-mat/0212096,10.1103/physrevb.68.014507,0.9973
10.48550/arxiv.hep-lat/0209023,10.1016/s0920-5632(03)01579-2,1.0000
10.48550/arxiv.cond-mat/0311022,10.1103/physrevlett.92.056802,1.0000
10.48550/arxiv.astro-ph/0209460,10.1086/344588,1.0000
10.48550/arxiv.1902.05559,10.1007/jhep08(2019)029,1.0000
10.48550/arxiv.2302.10696,10.1051/0004-6361/202245477,1.0000
10.48550/arxiv.1912.09725,10.1007/s40879-019-00376-x,1.0000
10.48550/arxiv.1111.6413,10.2140/agt.2013.13.625,1.0000
10.48550/arxiv.1106.4314,10.1209/0295-5075/97/57001,0.9429
10.48550/arxiv.hep-ph/9307356,10.1103/physrevd.50.266,0.9878
10.48550/arxiv.1912.00441,10.1093/pasj/psaa017,0.9956
10.48550/arxiv.1903.01677,10.5802/crmath.9,1.0000
10.48550/arxiv.1609.03520,10.1093/mnras/stw2357,0.9465
10.48550/arxiv.cond-mat/0107106,10.1140/epjb/e20020094,0.9886
10.48550/arxiv.0704.3148,10.1007/s10714-007-0492-5,1.0000
10.48550/arxiv.1101.1956,10.1051/0004-6361/201015825,1.0000
10.48550/arxiv.1002.4661,10.4204/eptcs.19.1,1.0000
10.48550/arxiv.astro-ph/0212387,10.1051/0004-6361:20030162,1.0000
10.48550/arxiv.1805.07125,10.1007/s12220-020-00437-8,1.0000
10.48550/arxiv.1609.06958,10.1103/physrevlett.118.144503,1.0000
10.48550/arxiv.2205.09808,10.3847/1538-4357/ac713c,0.9886
10.48550/arxiv.1703.02803,10.1103/physrevd.97.024015,1.0000
10.48550/arxiv.cond-mat/0410727,10.1016/j.physleta.2004.09.049,1.0000
10.48550/arxiv.2006.12907,10.1002/mma.7162,0.9335
10.48550/arxiv.0805.4479,10.1142/s0217751x09042967,0.9765
10.48550/arxiv.1904.09922,10.30757/alea.v18-23,1.0000
10.48550/arxiv.1908.00527,10.1103/physrevd.100.121501,1.0000
10.48550/arxiv.1804.09578,10.1109/tnnls.2019.2935384,1.0000
10.48550/arxiv.1707.07957,10.1016/j.chaos.2017.11.019,1.0000
10.48550/arxiv.0906.4223,10.1088/1674-4527/10/6/005,1.0000
10.48550/arxiv.hep-th/9612064,10.1016/s0550-3213(97)00298-8,1.0000
10.48550/arxiv.2208.03623,10.1002/andp.202200140,1.0000
10.48550/arxiv.hep-ph/0108132,10.1103/physrevd.65.016002,0.9908
10.48550/arxiv.1101.2842,10.1134/s0021364011070046,1.0000
10.48550/arxiv.nlin/0005047,10.1088/0305-4470/33/47/307,1.0000
10.48550/arxiv.2012.13136,10.1007/s11263-019-01206-z,0.8824
10.48550/arxiv.1612.04503,10.3847/2041-8213/834/1/l3,1.0000
10.48550/arxiv.astro-ph/9307040,10.1086/174505,0.9620
10.48550/arxiv.1002.0399,10.1016/j.physletb.2010.07.003,1.0000
10.48550/arxiv.2001.00589,10.1038/s41535-020-0228-2,1.0000
10.48550/arxiv.1404.5649,10.1093/mnras/stu765,1.0000
10.48550/arxiv.2306.10304,,
10.48550/arxiv.1107.4061,10.1103/physrevb.84.195468,1.0000
10.48550/arxiv.0911.2526,10.1103/physrevb.80.172301,1.0000
10.48550/arxiv.1804.06766,10.1098/rspa.2018.0264,1.0000
10.48550/arxiv.1109.1406,10.1140/epjc/s10052-011-1808-x,0.9773
10.48550/arxiv.1203.1847,10.1103/physrevb.85.195406,0.9903
10.48550/arxiv.1209.1636,10.1051/0004-6361/201220050,0.9996
10.48550/arxiv.1103.5788,10.1016/j.nima.2011.08.060,1.0000
10.48550/arxiv.1912.06516,10.1103/physrevb.101.014103,1.0000
10.48550/arxiv.1409.3586,10.1093/mnras/stu1879,1.0000
10.48550/arxiv.cond-mat/9909040,10.1103/physrevlett.83.5523,1.0000
10.48550/arxiv.2310.10641,10.1103/physrevd.108.104010,1.0000
10.48550/arxiv.2206.14235,10.1103/physrevc.106.054319,1.0000
10.48550/arxiv.1906.11677,10.1093/mnras/stz1780,1.0000
10.48550/arxiv.1301.4652,10.1016/j.nuclphysb.2013.04.014,0.8013
10.48550/arxiv.0808.3627,10.1016/j.aim.2008.12.014,1.0000
10.48550/arxiv.1212.0633,10.1093/mnras/sts527,1.0000
10.48550/arxiv.1703.06207,10.1038/s41467-017-02597-8,0.9845
10.48550/arxiv.2307.14456,10.1051/0004-6361/202347576,1.0000
10.48550/arxiv.1910.02836,10.3847/1538-4357/ab65f8,1.0000
10.48550/arxiv.0812.1655,10.1007/s00440-010-0292-9,1.0000
10.48550/arxiv.1002.1789,10.1103/physrevc.82.054319,0.9966
10.48550/arxiv.2006.14451,10.1093/mnras/staa1873,1.0000
10.48550/arxiv.1802.07505,10.1093/mnras/sty491,0.9951
10.48550/arxiv.2303.05042,10.3390/universe9030128,1.0000
10.48550/arxiv.1702.04287,10.1137/17m1116659,1.0000
10.48550/arxiv.2201.08088,10.1088/1361-648x/ac6d38,0.9278
10.48550/arxiv.1009.2223,10.1111/j.1365-2966.2010.17686.x,0.9322
10.48550/arxiv.0903.5000,10.2140/gtm.2007.11.349,0.8824
10.48550/arxiv.0806.2700,10.1007/978-0-387-89482-9_34,0.9482
10.48550/arxiv.cond-mat/0304523,10.1140/epjb/e2003-00209-1,1.0000
10.48550/arxiv.astro-ph/9907071,10.1023/a:1012694723985,1.0000
10.48550/arxiv.1508.07765,10.1007/s10701-016-0039-2,1.0000
10.48550/arxiv.1008.1413,10.1016/j.cpc.2010.10.019,1.0000
10.48550/arxiv.1907.10960,10.3847/1538-4357/ab3730,1.0000
10.48550/arxiv.1110.0519,,
10.48550/arxiv.1412.5505,10.1063/1.4904202,0.9667
10.48550/arxiv.cond-mat/0505542,10.1140/epjb/e2006-00153-6,1.0000
10.48550/arxiv.2008.09431,10.1016/j.scriptamat.2020.07.052,1.0000
10.48550/arxiv.nlin/0602062,10.1088/1742-6596/7/1/002,0.8824
10.48550/arxiv.cond-mat/0203612,10.1063/1.1495067,0.9957
10.48550/arxiv.nlin/0105041,10.1364/josab.19.000812,1.0000
10.48550/arxiv.math-ph/0209033,10.1088/0305-4470/35/43/306,0.9977
10.48550/arxiv.1807.09783,10.22331/q-2019-02-04-120,1.0000
10.48550/arxiv.astro-ph/0306045,10.1046/j.1365-8711.2003.06858.x,0.9293
10.48550/arxiv.1506.00328,10.1088/0004-637x/805/2/114,1.0000
10.48550/arxiv.2002.09816,10.1007/s10509-020-3744-4,1.0000
10.48550/arxiv.astro-ph/9804118,10.1086/306158,0.9592
10.48550/arxiv.1201.0751,10.1016/j.jmps.2012.05.006,1.0000
10.48550/arxiv.1701.02645,10.1103/physrevd.95.084005,0.9871
10.48550/arxiv.2106.08222,10.1093/mnras/stab1748,1.0000
10.48550/arxiv.hep-ph/9412298,10.1016/0010-4655(95)00081-p,1.0000
10.48550/arxiv.cond-mat/0408032,10.1103/physrevlett.94.037005,1.0000
10.48550/arxiv.1810.12231,10.1109/tac.2019.2959999,0.9929
10.48550/arxiv.nlin/0511007,10.3842/sigma.2005.004,0.9913
10.48550/arxiv.1405.0334,10.1016/j.intermet.2014.05.002,1.0000
10.48550/arxiv.2111.10915,10.1090/mcom/3778,1.0000
10.48550/arxiv.2502.02890,10.3390/rs17030352,1.0000
10.48550/arxiv.1508.01812,10.1016/j.nuclphysa.2015.11.014,0.9908
10.48550/arxiv.hep-ph/9709213,10.1016/s0550-3213(97)00751-7,0.9721
10.48550/arxiv.hep-lat/0308009,10.1103/physrevd.69.034504,1.0000
10.48550/arxiv.hep-ex/0510036,10.1063/1.2173584,1.0000
10.48550/arxiv.1501.07223,10.1103/physrevb.91.155436,1.0000
10.48550/arxiv.2409.06537,10.1140/epjb/s10051-024-00764-7,1.0000
10.48550/arxiv.2005.10846,10.3847/1538-4357/ab8f8e,0.9765
10.48550/arxiv.2209.07852,10.1103/physrevlett.131.011801,0.8188
10.48550/arxiv.hep-ph/0403012,10.1088/1126-6708/2004/04/067,1.0000
10.48550/arxiv.2209.06193,10.1103/physreva.106.062442,1.0000
10.48550/arxiv.1202.1857,10.1103/physreva.86.013409,1.0000
10.48550/arxiv.astro-ph/0311112,10.1086/381069,0.9733
10.48550/arxiv.2309.01533,10.1140/epja/s10050-023-01199-x,1.0000
10.48550/arxiv.1808.09496,10.1080/20421338.2021.1884326,0.9712
10.48550/arxiv.0707.3629,10.1103/physrevlett.99.137203,0.9417
10.48550/arxiv.1905.04358,10.1038/s41598-019-50870-1,1.0000
10.48550/arxiv.1903.05506,10.1103/physrevb.100.024435,0.9316
10.48550/arxiv.0710.3797,10.1103/physrevb.77.125338,1.0000
10.48550/arxiv.1404.7414,10.5334/jors.85,0.8039
10.48550/arxiv.1412.0273,10.1103/physrevlett.114.135501,1.0000
10.48550/arxiv.hep-th/0505226,10.1088/1126-6708/2005/08/053,1.0000
10.48550/arxiv.2105.10918,10.3390/cryst11101257,0.9647
10.48550/arxiv.1608.05015,10.3103/s1066530716040050,1.0000
10.48550/arxiv.2303.10333,10.1109/jbhi.2024.3360239,0.9587
10.48550/arxiv.cond-mat/0201137,10.1103/physrevb.66.054413,0.8775
10.48550/arxiv.astro-ph/0012481,10.1086/320461,0.8527
10.48550/arxiv.math/0507229,10.1016/j.spa.2005.09.005,1.0000
10.48550/arxiv.1601.07523,10.1103/physrevd.93.075032,1.0000
10.48550/arxiv.cond-mat/0407191,10.1103/physreve.70.061602,1.0000
10.48550/arxiv.1004.4420,10.1016/j.tcs.2013.03.025,0.9712
10.48550/arxiv.cond-mat/0510189,10.1063/1.2382733,0.8464
10.48550/arxiv.nucl-th/9603017,10.1016/0375-9474(96)00154-6,1.0000
10.48550/arxiv.2203.12010,10.1140/epjc/s10052-022-10530-7,1.0000
10.48550/arxiv.1105.6127,10.1007/s10714-011-1323-2,1.0000
10.48550/arxiv.1602.00011,10.1051/0004-6361/201527691,0.9899
10.48550/arxiv.0709.4121,10.1103/physrevb.77.014513,1.0000
10.48550/arxiv.2201.09816,10.1115/1.4053961,1.0000
10.48550/arxiv.1501.07171,10.1016/j.geomphys.2015.07.016,0.8784
10.48550/arxiv.2311.01736,10.1016/j.compstruct.2024.118185,1.0000
10.48550/arxiv.0710.5403,10.1103/physreve.77.031105,0.8906
10.48550/arxiv.1512.03837,10.1103/physrevd.93.086007,1.0000
10.48550/arxiv.1305.0823,10.1093/mnras/stt1251,1.0000
10.48550/arxiv.cond-mat/9909324,10.1103/physreve.61.153,1.0000
10.48550/arxiv.1502.02829,10.1103/physrevb.91.075201,1.0000
10.48550/arxiv.1405.4588,10.1103/physrevb.89.205434,1.0000
10.48550/arxiv.1801.07068,10.1093/mnras/sty646,0.9967
10.48550/arxiv.0904.4421,10.1109/tns.2009.2029104,1.0000
10.48550/arxiv.2404.12738,10.1109/tnet.2024.3398778,1.0000
10.48550/arxiv.nucl-ex/0310028,10.1140/epja/i2003-10130-3,0.9810
10.48550/arxiv.2105.04520,10.1063/5.0076731,1.0000
10.48550/arxiv.2401.14141,10.1109/bigdata59044.2023.10386402,0.8824
10.48550/arxiv.1508.04000,10.1063/1.4949769,1.0000
10.48550/arxiv.2307.00634,10.1080/10586458.2024.2410988,1.0000
10.48550/arxiv.nucl-th/0401047,10.1103/physrevc.69.034302,1.0000
10.48550/arxiv.1903.04116,10.1016/j.jmaa.2019.123396,1.0000
10.48550/arxiv.1310.6763,10.1103/physrevd.89.083530,1.0000
10.48550/arxiv.0811.2085,10.1051/0004-6361:200810558,0.9718
10.48550/arxiv.1904.06469,10.7566/jpsj.88.084703,0.9855
10.48550/arxiv.cond-mat/0210469,10.1103/physrevlett.90.107001,0.8466
10.48550/arxiv.2401.11431,10.1109/access.2024.3522972,1.0000
10.48550/arxiv.0911.3977,10.1088/0954-3899/37/7/075013,0.9366
10.48550/arxiv.2205.15945,10.1088/1742-6596/2249/1/012020,1.0000
10.48550/arxiv.2008.10494,10.1016/j.colsurfa.2020.125487,1.0000
10.48550/arxiv.1810.06039,10.1016/j.matpur.2020.06.009,1.0000
10.48550/arxiv.1407.7535,10.1103/physrevlett.114.100601,1.0000
10.48550/arxiv.1307.2558,10.1103/physrevlett.111.123601,1.0000
10.48550/arxiv.1906.09256,10.1214/20-sts817,0.9558
10.48550/arxiv.2010.03838,,
10.48550/arxiv.1110.1071,10.1007/s00601-011-0286-x,1.0000
10.48550/arxiv.1310.4070,10.1103/physreve.88.062148,0.9581
10.48550/arxiv.nucl-th/0611013,10.1016/j.nuclphysa.2007.03.043,1.0000
10.48550/arxiv.1904.00456,10.1007/jhep09(2019)077,0.9723
10.48550/arxiv.quant-ph/0201134,10.1103/physrevlett.88.017903,0.8824
10.48550/arxiv.2107.06160,10.1088/1475-7516/2021/11/053,1.0000
10.48550/arxiv.1911.03767,10.1016/j.jmaa.2021.125104,1.0000
10.48550/arxiv.1504.04444,10.1007/jhep08(2015)059,1.0000
10.48550/arxiv.math-ph/0205021,10.1088/0305-4470/35/35/307,0.9860
10.48550/arxiv.1808.10014,10.1007/jhep03(2019)015,1.0000
10.48550/arxiv.2007.04392,10.1134/s0202289320030081,1.0000
10.48550/arxiv.2110.14974,10.1016/j.icarus.2021.114529,1.0000
10.48550/arxiv.1612.09121,10.1109/tpami.2019.2912599,0.9765
10.48550/arxiv.1907.06325,10.1017/etds.2021.8,1.0000
10.48550/arxiv.2106.07332,10.1007/jhep11(2021)147,0.9964
10.48550/arxiv.1808.10043,10.1103/physrevb.98.214509,0.8791
10.48550/arxiv.2310.03590,10.1103/physreve.109.045204,0.9951
10.48550/arxiv.2205.05953,10.3389/frsip.2022.917684,0.9939
10.48550/arxiv.1804.01749,10.21468/scipostphys.5.4.035,1.0000
10.48550/arxiv.hep-ph/9912358,10.1016/s0146-6410(00)00102-2,1.0000
10.48550/arxiv.1509.09186,10.1088/0004-637x/813/2/113,1.0000
10.48550/arxiv.2007.07438,10.1103/physrevd.102.103012,1.0000
10.48550/arxiv.0806.4256,10.1051/0004-6361:200810223,0.9888
10.48550/arxiv.1603.04898,10.1103/physrevlett.116.225304,1.0000
10.48550/arxiv.2208.14509,10.1007/s11633-023-1424-x,0.9412
10.48550/arxiv.1906.04720,10.1103/physrevapplied.13.054048,1.0000
10.48550/arxiv.2103.13223,10.1103/prxquantum.3.010311,1.0000
10.48550/arxiv.1504.05691,10.1103/physrevb.91.155306,1.0000
10.48550/arxiv.2005.04224,10.1080/17538947.2020.1809723,0.9958
10.48550/arxiv.1505.00654,10.1088/1674-1137/39/11/113102,0.9256
10.48550/arxiv.hep-th/0406221,10.1088/1126-6708/2005/08/027,1.0000
10.48550/arxiv.1308.0330,10.1088/0067-0049/207/1/4,1.0000
10.48550/arxiv.1505.07754,10.1112/blms/bdw029,1.0000
10.48550/arxiv.cond-mat/0305525,10.1016/s0921-4534(02)02401-2,0.8595
10.48550/arxiv.1608.04072,10.1007/s10231-016-0621-4,1.0000
10.48550/arxiv.1303.4626,10.1088/1475-7516/2013/09/002,0.8695
10.48550/arxiv.2405.20446,10.5220/0013108300003899,1.0000
10.48550/arxiv.1904.11945,10.1088/1361-6382/ab45ab,1.0000
10.48550/arxiv.1910.03467,10.18653/v1/d19-5228,1.0000
10.48550/arxiv.hep-ph/9605266,10.1103/physrevd.56.2893,0.8165
10.48550/arxiv.gr-qc/9812056,10.1088/0264-9381/16/6/328,0.9719
10.48550/arxiv.2411.04694,10.1016/j.placenta.2024.10.001,1.0000
10.48550/arxiv.2005.13723,10.1088/2632-959x/ab70e6,0.9804
10.48550/arxiv.quant-ph/0109091,10.1016/s0375-9601(02)00445-0,1.0000
10.48550/arxiv.cond-mat/0703677,10.1063/1.2754685,0.9427
10.48550/arxiv.astro-ph/0604343,10.1086/505423,0.9257
10.48550/arxiv.1110.2364,10.1103/physreva.84.053850,0.8586
10.48550/arxiv.2005.00744,10.1142/s0217979220502549,1.0000
10.48550/arxiv.2001.01595,10.1126/sciadv.aax5489,0.8824
10.48550/arxiv.hep-ph/0512225,10.1016/j.nuclphysa.2006.10.017,1.0000
10.48550/arxiv.2008.06409,10.1063/5.0025168,1.0000
10.48550/arxiv.0903.2633,10.1103/physreve.80.026316,0.9636
10.48550/arxiv.1507.08370,10.1090/tran/6934,1.0000
10.48550/arxiv.0710.5629,10.1109/map.2008.4562258,1.0000
10.48550/arxiv.2209.05014,10.1063/5.0080880,0.9931
10.48550/arxiv.1703.00008,10.1016/j.camwa.2019.08.009,0.9842
10.48550/arxiv.2004.00242,10.1007/s10569-020-09961-9,1.0000
10.48550/arxiv.1902.10907,10.1063/1.5094833,1.0000
10.48550/arxiv.1802.05476,10.1088/1751-8121/aac5d5,1.0000
10.48550/arxiv.1006.1553,10.1111/j.1365-2966.2010.17164.x,0.9400
10.48550/arxiv.solv-int/9701004,10.1007/s002200050231,1.0000
10.48550/arxiv.1905.09296,10.1051/0004-6361/201935684,0.9989
10.48550/arxiv.quant-ph/0603268,,
10.48550/arxiv.hep-ph/0109196,10.1142/9789812778352_0040,0.8824
10.48550/arxiv.1701.03706,10.1007/jhep09(2017)042,1.0000
10.48550/arxiv.astro-ph/0702213,10.1086/513563,1.0000
10.48550/arxiv.1707.02226,10.1016/j.aim.2020.107502,0.9765
10.48550/arxiv.1309.3609,10.1093/mnras/stu181,0.9824
10.48550/arxiv.2305.07980,10.1142/s0217751x23500550,1.0000
10.48550/arxiv.gr-qc/0604022,10.1063/1.2399660,1.0000
10.48550/arxiv.2411.17962,10.1103/physrevd.111.034044,1.0000
10.48550/arxiv.0905.4210,10.1016/j.physb.2009.10.050,0.9532
10.48550/arxiv.1507.02696,10.1093/mnras/stv1540,0.9951
10.48550/arxiv.1711.02077,10.3847/1538-4357/aa9937,1.0000
10.48550/arxiv.2005.08732,10.1016/j.clae.2020.05.004,1.0000
10.48550/arxiv.1411.4560,10.1103/physrevb.90.235401,0.9954
10.48550/arxiv.2006.12520,10.1103/physrevd.103.074023,1.0000
10.48550/arxiv.hep-th/9612055,10.1088/0264-9381/14/8/012,0.9623
10.48550/arxiv.1904.03523,10.1103/physrevlett.122.176402,0.8491
10.48550/arxiv.2208.13690,10.1145/3555077.3556470,1.0000
10.48550/arxiv.1706.08593,10.1134/s1547477118050047,1.0000
10.48550/arxiv.1902.11013,10.1016/j.jmaa.2019.123631,1.0000
10.48550/arxiv.2301.04310,10.1103/physrevb.107.045133,1.0000
10.48550/arxiv.0708.0293,10.1214/088342306000000556,0.8824
10.48550/arxiv.1807.09403,10.3847/1538-4357/aad634,1.0000
10.48550/arxiv.2405.02192,10.21468/scipostphys.17.4.107,1.0000
10.48550/arxiv.1504.05808,10.1093/mnras/stv858,0.9700
10.48550/arxiv.2001.02100,10.3847/1538-4357/ab66b1,0.9649
10.48550/arxiv.1204.6009,10.1063/1.4812722,1.0000
10.48550/arxiv.0904.2198,10.1103/physrevb.79.054424,1.0000
10.48550/arxiv.1404.0694,10.1093/mnras/stu256,1.0000
10.48550/arxiv.2501.15721,10.1007/978-3-031-35382-6_2,0.8824
10.48550/arxiv.1912.04625,10.1007/978-3-030-32353-0_3,1.0000
10.48550/arxiv.hep-ph/9511339,10.1143/ptps.123.61,0.9948
10.48550/arxiv.1107.2055,10.1103/physrevd.84.105007,0.8930
10.48550/arxiv.1403.7140,10.2140/apde.2014.7.1649,0.9621
10.48550/arxiv.gr-qc/9609024,10.1103/physrevd.54.4944,1.0000
10.48550/arxiv.1408.1257,10.1080/07362994.2015.1036167,1.0000
10.48550/arxiv.astro-ph/9811126,10.1086/307152,1.0000
10.48550/arxiv.0804.3743,10.1111/j.1365-2966.2008.13738.x,0.9805
10.48550/arxiv.2105.13558,10.1038/s41467-021-26375-9,1.0000
10.48550/arxiv.1403.0797,10.1063/1.4871731,1.0000
10.48550/arxiv.1605.04526,10.1103/physrevd.94.036007,0.9948
10.48550/arxiv.0904.1960,10.1002/andp.20095210405,1.0000
10.48550/arxiv.0709.3289,10.1103/physreve.76.065701,0.9929
10.48550/arxiv.2211.13453,10.1103/physrevd.107.043526,1.0000
10.48550/arxiv.1712.02717,10.1103/physrevb.97.100401,1.0000
10.48550/arxiv.1309.3330,10.1109/jstsp.2014.2316116,1.0000
10.48550/arxiv.2407.08412,10.1140/epjp/s13360-024-05416-4,1.0000
10.48550/arxiv.cond-mat/9710033,10.1016/s0375-9601(98)00717-8,1.0000
10.48550/arxiv.1908.02052,10.1109/tvcg.2016.2598885,0.8824
10.48550/arxiv.0906.0817,10.1126/science.1174338,0.9035
10.48550/arxiv.1008.3234,10.1063/1.3467003,1.0000
10.48550/arxiv.cond-mat/0007405,10.1103/physrevb.62.10852,1.0000
10.48550/arxiv.1109.0876,10.1103/physrevlett.107.197402,0.8345
10.48550/arxiv.1810.10359,10.1103/physrevc.99.011903,1.0000
10.48550/arxiv.1611.05854,10.1038/srep38608,1.0000
10.48550/arxiv.0911.0053,10.1051/0004-6361/200913577,0.9894
10.48550/arxiv.2002.00959,10.1093/mnras/staa1123,0.9739
10.48550/arxiv.1207.3526,10.1112/jlms/jdu048,0.9212
10.48550/arxiv.quant-ph/0111005,10.1103/physreve.65.021109,1.0000
10.48550/arxiv.0710.3791,10.1088/1126-6708/2007/12/026,0.9158
10.48550/arxiv.quant-ph/0105046,10.1103/physreva.65.044302,0.8063
10.48550/arxiv.1301.6425,10.4134/bkms.2015.52.3.987,0.9937
10.48550/arxiv.2304.01981,10.1140/epjc/s10052-023-11759-6,0.8013
10.48550/arxiv.math-ph/0510086,10.1088/0305-4470/38/47/009,1.0000
10.48550/arxiv.2409.04170,10.1142/s0218271823501122,1.0000
10.48550/arxiv.1912.02676,10.1007/jhep10(2020)070,0.9867
10.48550/arxiv.0910.1330,10.1134/s1063773710020015,1.0000
10.48550/arxiv.1304.1044,10.1214/ejp.v19-2732,1.0000
10.48550/arxiv.1709.06135,10.1126/sciadv.1701491,0.9733
10.48550/arxiv.2105.09990,10.1093/mnras/stac469,1.0000
10.48550/arxiv.hep-ph/0204359,10.1103/physrevlett.89.101801,1.0000
10.48550/arxiv.2206.13112,10.1145/3543864,1.0000
10.48550/arxiv.2502.09864,10.1145/3672608.3707711,1.0000
10.48550/arxiv.2310.03460,10.1093/mnras/stad2676,1.0000
10.48550/arxiv.cond-mat/9210010,10.1103/physrevb.47.16563,0.9424
10.48550/arxiv.astro-ph/0410515,10.1086/426934,1.0000
10.48550/arxiv.2103.08360,,
10.48550/arxiv.1108.5652,10.1364/oe.19.026011,1.0000
10.48550/arxiv.1208.1837,10.1103/physrevb.85.094416,0.9630
10.48550/arxiv.1806.10870,10.3934/era.2018.25.008,0.9908
10.48550/arxiv.cond-mat/0101277,10.1103/physrevb.64.054510,0.8792
10.48550/arxiv.0912.5286,10.1088/0264-9381/27/16/165008,0.9064
10.48550/arxiv.0812.1999,10.1103/physrevc.79.035204,0.8145
10.48550/arxiv.1007.4432,10.1016/j.sse.2010.10.009,0.9902
10.48550/arxiv.hep-ph/0104199,10.1016/s0370-2693(01)00704-3,1.0000
10.48550/arxiv.1608.04546,10.3842/sigma.2017.008,1.0000
10.48550/arxiv.1205.6215,10.1111/j.1365-2966.2012.21323.x,0.9475
10.48550/arxiv.1902.07144,10.1016/j.jmps.2019.07.005,1.0000
10.48550/arxiv.2109.13252,10.3847/1538-4357/ac5a50,1.0000
10.48550/arxiv.astro-ph/9903487,10.1086/307237,0.9432
10.48550/arxiv.2001.04796,10.1103/physrevresearch.2.022008,1.0000
10.48550/arxiv.2108.09477,10.1103/physrevd.104.076009,0.9314
10.48550/arxiv.0805.3375,10.1103/physrevb.77.245421,1.0000
10.48550/arxiv.0710.1407,10.1088/0953-2048/20/6/015,0.9662
10.48550/arxiv.2108.08211,10.1145/3474085.3475324,1.0000
10.48550/arxiv.1808.03316,10.3847/1538-4357/aa9b85,0.8698
10.48550/arxiv.2106.00927,10.1021/acs.jpclett.1c02214,0.8373
10.48550/arxiv.2008.10456,10.1063/5.0038814,1.0000
10.48550/arxiv.1503.00821,10.1364/fio.2015.fw3a.3,1.0000
10.48550/arxiv.cond-mat/9911270,10.1016/s0378-4371(00)00196-5,1.0000
10.48550/arxiv.hep-th/9710151,10.1016/s0370-2693(97)01551-7,1.0000
10.48550/arxiv.2302.05978,10.4310/23-sii802,1.0000
10.48550/arxiv.nucl-th/0510007,10.1088/0954-3899/32/9/004,0.9966
10.48550/arxiv.1009.5124,10.1103/physreva.83.023418,0.9851
10.48550/arxiv.2008.13503,10.1162/isal_a_00260,1.0000
10.48550/arxiv.1311.6586,10.1103/physreva.91.022104,0.9956
10.48550/arxiv.2112.02901,10.1103/physrevb.105.085125,1.0000
10.48550/arxiv.hep-th/0009191,10.1088/1126-6708/2000/11/021,1.0000
10.48550/arxiv.2003.03281,10.1109/lra.2020.3010216,1.0000
10.48550/arxiv.2102.10276,10.1103/physrevb.104.075415,1.0000
10.48550/arxiv.2203.13332,10.4171/emss/56,1.0000
10.48550/arxiv.1208.1293,,
10.48550/arxiv.2209.14632,10.1088/1748-0221/18/01/c01051,0.9977
10.48550/arxiv.1203.6054,10.1103/physreva.86.023608,1.0000
10.48550/arxiv.2101.04538,,
10.48550/arxiv.2206.01363,10.7566/jpsj.91.083704,0.9717
10.48550/arxiv.2308.05586,10.1112/blms.13071,1.0000
10.48550/arxiv.1602.02323,10.1103/physrevb.93.085301,1.0000
10.48550/arxiv.1508.04964,10.1103/physreve.92.062502,1.0000
10.48550/arxiv.gr-qc/0005127,10.1088/0264-9381/17/22/312,1.0000
10.48550/arxiv.1402.1093,10.1103/physreve.90.012121,1.0000
10.48550/arxiv.2402.00516,10.1016/j.physa.2024.129840,1.0000
10.48550/arxiv.cond-mat/0210405,10.1063/1.1534936,1.0000
10.48550/arxiv.1406.7683,10.1016/j.jmaa.2016.05.048,0.8555
10.48550/arxiv.1409.5268,10.1088/0004-637x/795/1/86,1.0000
10.48550/arxiv.hep-th/9507063,10.1016/0370-2693(96)00227-4,1.0000
10.48550/arxiv.1709.00002,10.1016/j.nima.2017.09.027,1.0000
10.48550/arxiv.1907.10423,10.3847/1538-4365/ab16ee,0.9881
10.48550/arxiv.2009.03341,10.1093/mnras/staa3862,1.0000
10.48550/arxiv.2105.05511,10.1063/5.0061713,1.0000
10.48550/arxiv.cond-mat/0508675,10.1103/physreve.73.011606,0.9973
10.48550/arxiv.2108.04463,10.1016/j.jcp.2022.111255,1.0000
10.48550/arxiv.2003.08727,10.24963/ijcai.2020/12,1.0000
10.48550/arxiv.nucl-th/0110080,10.1016/s0370-2693(01)01328-4,1.0000
10.48550/arxiv.1401.7493,10.1039/c2sm26680f,0.8824
10.48550/arxiv.1402.0587,10.1613/jair.3945,0.8824
10.48550/arxiv.1504.02342,10.1017/s147474801500016x,0.9786
10.48550/arxiv.2108.07131,10.1038/s41567-022-01702-z,0.9284
10.48550/arxiv.1603.05524,10.1103/physrevd.94.014021,0.9947
10.48550/arxiv.astro-ph/0111038,10.1086/338495,0.9787
10.48550/arxiv.2201.06439,10.1103/physrevd.105.063526,0.9020
10.48550/arxiv.0909.0425,10.1209/0295-5075/89/10005,1.0000
10.48550/arxiv.1702.06245,10.1088/1674-1137/41/10/103102,1.0000
10.48550/arxiv.1704.05871,10.1103/physrevd.96.103520,1.0000
10.48550/arxiv.1508.07364,10.1016/j.nuclphysb.2015.09.020,1.0000
10.48550/arxiv.1203.5992,10.1088/2041-8205/752/1/l7,0.8770
10.48550/arxiv.hep-ph/9608212,10.1016/0370-2693(96)01133-1,0.9419
10.48550/arxiv.1208.0683,10.1134/s1063772912100034,0.9875
10.48550/arxiv.1611.00621,10.1017/etds.2016.125,1.0000
10.48550/arxiv.cond-mat/0304030,10.1103/physrevb.68.041305,1.0000
10.48550/arxiv.2109.02789,10.1145/3459637.3482452,1.0000
10.48550/arxiv.astro-ph/0304265,10.1051/0004-6361:20030552,1.0000
10.48550/arxiv.1103.5130,10.1143/ptp.126.387,1.0000
10.48550/arxiv.1207.2497,10.1088/0004-637x/768/1/26,1.0000
10.48550/arxiv.1905.08824,,
10.48550/arxiv.2104.10254,10.1007/jhep05(2021)282,1.0000
10.48550/arxiv.2201.07269,10.1007/s11005-022-01540-3,1.0000
10.48550/arxiv.2406.09230,10.1088/1361-6382/ad8f8a,1.0000
10.48550/arxiv.1308.3230,10.1103/physrevb.88.075435,1.0000
10.48550/arxiv.1502.01689,,
10.48550/arxiv.gr-qc/0112080,10.1002/1521-3978(200205)50:5/7<711::aid-prop711>3.0.co,1.0000
10.48550/arxiv.2110.11021,10.1109/tac.2023.3235244,1.0000
10.48550/arxiv.1008.1601,10.1051/0004-6361/201015361,0.9659
10.48550/arxiv.1211.3537,10.1093/mnras/sts405,1.0000
10.48550/arxiv.1903.02008,10.1093/mnras/stz1630,1.0000
10.48550/arxiv.1812.09805,10.1103/physrevapplied.12.021001,1.0000
10.48550/arxiv.2310.11829,10.1109/tpami.2025.3548729,1.0000
10.48550/arxiv.0901.3272,10.1103/physrevd.79.043526,1.0000
10.48550/arxiv.1910.08395,10.1016/j.physletb.2018.08.032,0.8824
10.48550/arxiv.1908.09715,10.1109/wacv45572.2020.9093593,1.0000
10.48550/arxiv.2112.07096,10.1016/j.cma.2022.115730,1.0000
10.48550/arxiv.2104.13011,10.1103/physrevb.103.195302,1.0000
10.48550/arxiv.1404.4773,10.1142/s021827181550073x,1.0000
10.48550/arxiv.1608.08415,10.1103/physrevb.94.165149,1.0000
10.48550/arxiv.2312.03074,10.1051/0004-6361/202453513e,0.9623
10.48550/arxiv.1511.02735,10.1093/mnrasl/slv177,0.9412
10.48550/arxiv.1505.03304,10.1103/physrevd.91.094010,1.0000
10.48550/arxiv.1211.1232,10.1017/s1743921312019126,1.0000
10.48550/arxiv.hep-th/0112042,10.1002/1521-3978(200209)50:8/9<851::aid-prop851>3.0.co,0.9832
10.48550/arxiv.1603.04875,10.1007/978-3-319-25619-1_83,0.8575
10.48550/arxiv.1010.1514,10.1103/physreve.83.026102,0.9182
10.48550/arxiv.hep-ph/0106040,10.1016/s0370-2693(01)00812-7,0.9972
10.48550/arxiv.cond-mat/0304025,,
10.48550/arxiv.hep-th/0408211,10.1088/0305-4470/38/3/012,1.0000
10.48550/arxiv.1005.3431,10.2174/1874381101004010072,0.9020
10.48550/arxiv.1110.4375,10.1137/110842855,0.9972
10.48550/arxiv.1601.06784,10.3847/0004-637x/826/1/57,0.9344
10.48550/arxiv.1101.5838,10.1214/11-aap806,1.0000
10.48550/arxiv.1811.07551,10.22323/1.395.0168,0.9882
10.48550/arxiv.math/0604232,10.1007/s00222-007-0077-7,1.0000
10.48550/arxiv.astro-ph/0011070,10.1063/1.1363540,0.9020
10.48550/arxiv.1508.02870,10.1142/s0217751x15501699,0.9854
10.48550/arxiv.2302.06639,10.1103/physrevlett.131.040602,0.9978
10.48550/arxiv.2501.10940,10.1109/tnsm.2022.3217689,0.8824
10.48550/arxiv.1010.4468,10.1051/0004-6361/201015299,0.9173
10.48550/arxiv.1609.06967,10.1103/physrevc.94.044301,1.0000
10.48550/arxiv.1903.10808,10.1051/0004-6361/201834539,0.9873
10.48550/arxiv.0907.1852,10.22323/1.069.0044,0.8529
10.48550/arxiv.1308.4023,10.1088/0004-637x/777/1/47,1.0000
10.48550/arxiv.cond-mat/0412271,10.1134/1.1996757,1.0000
10.48550/arxiv.2104.07480,10.1088/1361-6382/ac1b0a,1.0000
10.48550/arxiv.cond-mat/0108059,10.1103/physrevb.65.205411,1.0000
10.48550/arxiv.2407.15203,10.1109/sisy62279.2024.10737586,1.0000
10.48550/arxiv.0805.3004,10.1142/9789814280945_0049,0.9306
10.48550/arxiv.hep-ex/0302023,10.1016/s0920-5632(03)01922-4,1.0000
10.48550/arxiv.1305.0191,10.1007/978-3-642-14306-9_9,0.8824
10.48550/arxiv.astro-ph/0209223,10.1142/9789812704900_0010,0.8824
10.48550/arxiv.1205.2035,10.1103/physrevb.85.174501,0.8541
10.48550/arxiv.1710.04794,10.1093/pasj/psx023,1.0000
10.48550/arxiv.2303.07538,10.1109/icassp49357.2023.10094788,1.0000
10.48550/arxiv.1011.2220,10.22323/1.119.0051,1.0000
10.48550/arxiv.1103.3321,10.4204/eptcs.53.3,1.0000
10.48550/arxiv.cond-mat/0701263,,
10.48550/arxiv.astro-ph/0611641,10.1111/j.1365-2966.2006.11312.x,1.0000
10.48550/arxiv.1903.03009,10.1103/physrevb.100.094437,0.8655
10.48550/arxiv.1109.0290,10.1007/jhep11(2011)052,1.0000
10.48550/arxiv.1605.04748,10.1103/physrevb.94.165304,0.9819
10.48550/arxiv.2107.04755,10.1109/tkde.2022.3186016,1.0000
10.48550/arxiv.1509.03205,10.1109/taslp.2016.2598319,1.0000
10.48550/arxiv.2206.09822,10.1093/mnras/stac3583,0.9704
10.48550/arxiv.0905.1138,10.1103/physrevb.82.235317,1.0000
10.48550/arxiv.1412.5035,10.1063/1.4901297,1.0000
10.48550/arxiv.1407.5438,10.1016/j.physletb.2015.03.057,1.0000
10.48550/arxiv.0807.4317,10.1088/0264-9381/26/4/045004,0.9882
10.48550/arxiv.2408.05570,10.1016/j.jmmm.2024.172405,1.0000
10.48550/arxiv.astro-ph/0101373,10.1051/0004-6361:20010108,0.9192
10.48550/arxiv.2301.10306,10.1063/5.0157654,1.0000
10.48550/arxiv.1510.07314,10.1063/1.4939658,0.9854
10.48550/arxiv.0709.4626,10.1016/j.physd.2008.01.003,0.9865
10.48550/arxiv.1409.4323,10.1088/0741-3335/57/2/025017,1.0000
10.48550/arxiv.2110.13114,10.1103/physrevb.105.214203,0.9974
10.48550/arxiv.2206.04139,10.1103/physrevd.106.104038,1.0000
10.48550/arxiv.1008.4767,10.1111/j.1745-3933.2010.00977.x,0.9499
10.48550/arxiv.cond-mat/9605111,10.1103/physrevb.54.3336,1.0000
10.48550/arxiv.2104.11759,10.1051/0004-6361/202039519,0.9799
10.48550/arxiv.1011.0769,10.1088/1757-899x/15/1/012005,0.9583
10.48550/arxiv.2107.01392,10.22207/jpam.14.spl1.24,0.8824
10.48550/arxiv.1906.11982,10.1371/journal.pcbi.1008030,1.0000
10.48550/arxiv.2401.03195,10.1109/mvip62238.2024.10491154,1.0000
10.48550/arxiv.1911.03483,10.1093/mnras/staa1644,1.0000
10.48550/arxiv.nucl-th/9611054,10.1016/s0370-2693(97)01272-0,1.0000
10.48550/arxiv.2103.13714,10.1088/1361-6382/ac129e,1.0000
10.48550/arxiv.hep-lat/0209103,10.1016/s0920-5632(03)80485-1,1.0000
10.48550/arxiv.2109.02790,10.1103/physrevd.104.074509,0.9942
10.48550/arxiv.1804.00013,10.1093/mnras/sty984,1.0000
10.48550/arxiv.1503.08177,10.4208/cicp.280315.140815a,1.0000
10.48550/arxiv.0912.2628,10.1016/j.cplett.2009.12.090,1.0000
10.48550/arxiv.1004.1332,10.1103/physrevb.81.165447,1.0000
10.48550/arxiv.1510.01983,10.1002/2015gl064758,1.0000
10.48550/arxiv.cond-mat/9408087,10.1142/s0217979295000185,0.8824
10.48550/arxiv.1509.00385,10.1080/09500340.2015.1080868,1.0000
10.48550/arxiv.1507.02694,10.3847/0004-637x/821/1/57,0.9831
10.48550/arxiv.1102.1033,10.1111/j.1365-2966.2011.19499.x,0.9585
10.48550/arxiv.1311.1734,10.1371/journal.pone.0103877,1.0000
10.48550/arxiv.1212.4946,10.1103/physrevlett.110.037003,0.8953
10.48550/arxiv.1408.6512,10.1063/1.4928693,1.0000
10.48550/arxiv.1012.2054,10.1007/jhep03(2011)001,1.0000
10.48550/arxiv.1108.6207,10.1103/physrevd.84.124024,1.0000
10.48550/arxiv.hep-ph/0211334,10.1140/epjc/s2003-01135-3,1.0000
10.48550/arxiv.2206.10394,10.3390/math10152613,1.0000
10.48550/arxiv.2004.02912,10.1016/j.physletb.2020.135707,0.9919
10.48550/arxiv.astro-ph/9404033,10.1086/174971,0.9830
10.48550/arxiv.0712.2518,10.1103/physrevb.77.184410,0.9626
10.48550/arxiv.2502.20970,10.1039/d3cp00714f,0.8570
10.48550/arxiv.1803.10327,10.4204/eptcs.268.6,1.0000
10.48550/arxiv.1211.5181,10.1103/physreva.86.063402,0.8635
10.48550/arxiv.1711.01423,10.1016/j.conb.2017.07.008,1.0000
10.48550/arxiv.physics/0603061,10.1016/j.physa.2006.04.027,1.0000
10.48550/arxiv.0907.2399,10.1002/polb.22144,0.9638
10.48550/arxiv.cond-mat/9811131,10.1103/physrevb.59.r10457,1.0000
10.48550/arxiv.1403.7929,10.1088/0031-9155/60/8/3313,0.8983
10.48550/arxiv.hep-lat/9211054,10.1016/0920-5632(93)90264-7,0.9811
10.48550/arxiv.2005.11156,10.1016/j.cjph.2020.05.011,1.0000
10.48550/arxiv.2106.01355,10.1007/s12350-022-03067-5,0.8848
10.48550/arxiv.0711.4359,10.1111/j.1365-2966.2007.12782.x,0.9839
10.48550/arxiv.1505.07777,10.1109/tkde.2011.199,0.8824
10.48550/arxiv.2205.00477,10.24963/ijcai.2022/445,1.0000
10.48550/arxiv.1808.04672,10.1364/josab.35.003143,1.0000
10.48550/arxiv.1409.8415,10.1214/14-sts481,1.0000
10.48550/arxiv.1911.07382,10.1017/jfm.2020.1031,1.0000
10.48550/arxiv.2001.11742,10.1088/1751-8121/ab8ef3,1.0000
10.48550/arxiv.hep-ph/9907378,10.1103/physrevd.61.114004,0.8204
10.48550/arxiv.cond-mat/9806134,10.1103/physrevlett.81.3243,1.0000
10.48550/arxiv.math-ph/0210040,10.1016/s0375-9601(03)00867-3,0.9958
10.48550/arxiv.1606.09162,10.1016/j.nuclphysb.2016.08.032,1.0000
10.48550/arxiv.1409.4973,10.1103/physrevlett.112.137402,1.0000
10.48550/arxiv.1710.09386,10.3847/1538-4357/aa92cb,0.9868
10.48550/arxiv.astro-ph/9605152,10.1103/physrevd.55.r5871,1.0000
10.48550/arxiv.2308.10030,10.1016/j.physa.2020.125424,0.8513
10.48550/arxiv.2010.07566,10.7567/ssdm.2020.i-6-02,0.9529
10.48550/arxiv.2212.06923,10.1109/lra.2023.3268043,0.9786
10.48550/arxiv.1503.08930,10.1103/physrevd.91.104031,1.0000
10.48550/arxiv.1512.05363,10.3847/0004-637x/817/2/120,0.9893
10.48550/arxiv.1603.03295,10.3847/0004-637x/819/2/167,1.0000
10.48550/arxiv.cond-mat/0112418,10.1103/physreve.65.051115,1.0000
10.48550/arxiv.1604.01831,10.1007/s00332-016-9330-9,1.0000
10.48550/arxiv.1606.06556,10.1002/cnm.2859,0.9741
10.48550/arxiv.hep-ph/0407079,10.1016/j.nuclphysbps.2004.09.016,0.9378
10.48550/arxiv.1204.2570,10.1111/j.1745-3933.2012.01271.x,0.9677
10.48550/arxiv.1310.0840,10.1007/jhep08(2014)014,1.0000
10.48550/arxiv.1903.10583,10.1016/j.tcs.2019.03.012,1.0000
10.48550/arxiv.hep-th/0309021,10.1016/j.nuclphysb.2003.10.022,1.0000
10.48550/arxiv.1308.2713,10.1088/0004-6256/146/5/120,0.9545
10.48550/arxiv.2001.09718,10.2140/gt.2021.25.3013,0.8974
10.48550/arxiv.cond-mat/0607631,,
10.48550/arxiv.hep-th/0304097,10.1103/physrevlett.91.061301,0.9527
10.48550/arxiv.2005.11479,10.1038/s41586-020-2839-y,1.0000
10.48550/arxiv.1307.5640,10.1016/j.automatica.2014.10.035,1.0000
10.48550/arxiv.cond-mat/0301590,10.1023/b:astr.0000032528.99179.4f,0.9265
10.48550/arxiv.1609.03640,10.4204/eptcs.225.3,1.0000
10.48550/arxiv.2108.06493,10.1145/3474085.3475182,1.0000
10.48550/arxiv.0810.1511,10.1086/595586,1.0000
10.48550/arxiv.2405.05212,10.1007/jhep12(2024)141,1.0000
10.48550/arxiv.1811.07970,10.1021/acsmacrolett.8b00719,1.0000
10.48550/arxiv.1710.06858,10.3847/1538-4365/aa97df,1.0000
10.48550/arxiv.1910.09032,10.1039/c9cp05932f,0.9556
10.48550/arxiv.astro-ph/0403301,10.1007/3-540-26633-x_53,1.0000
10.48550/arxiv.1712.05317,10.1103/physrevd.97.056003,0.8253
10.48550/arxiv.2106.02447,10.1002/widm.1441,1.0000
10.48550/arxiv.1109.3999,10.1109/mcwc.2006.4375222,0.8824
10.48550/arxiv.1209.3615,10.1051/0004-6361/201219958,0.9965
10.48550/arxiv.2001.04429,10.1103/physrevd.101.065015,1.0000
10.48550/arxiv.2206.08766,10.1214/23-aop1648,1.0000
10.48550/arxiv.2111.11438,10.1051/0004-6361/202142715,1.0000
10.48550/arxiv.cond-mat/0602669,10.1209/epl/i2006-10405-1,1.0000
10.48550/arxiv.hep-ph/9710450,10.1016/s0370-2693(97)01448-2,0.9767
10.48550/arxiv.cond-mat/9702217,10.1209/epl/i1998-00123-2,0.8824
10.48550/arxiv.nucl-th/0404021,10.1103/physrevc.69.064608,1.0000
10.48550/arxiv.cond-mat/0610204,10.1063/1.2730207,0.9942
10.48550/arxiv.quant-ph/0403042,10.1109/tit.2006.881734,1.0000
10.48550/arxiv.2004.12948,10.1007/jhep02(2021)148,1.0000
10.48550/arxiv.0805.2993,10.1364/josab.25.000c82,1.0000
10.48550/arxiv.hep-th/0510041,10.1088/1126-6708/2006/01/103,0.9753
10.48550/arxiv.1902.02574,10.1051/0004-6361/201834840,0.9844
10.48550/arxiv.astro-ph/0703548,10.1086/518244,0.9637
10.48550/arxiv.2103.08728,10.1016/s0034-4877(22)00009-x,0.9946
10.48550/arxiv.1312.3878,10.1142/s0219025713500306,1.0000
10.48550/arxiv.1904.11301,10.1364/ao.58.005422,1.0000
10.48550/arxiv.1711.11204,10.1364/ol.43.003297,1.0000
10.48550/arxiv.1704.06463,10.1088/1742-6596/809/1/012023,1.0000
10.48550/arxiv.1210.4113,10.1016/j.nuclphysa.2013.02.032,1.0000
10.48550/arxiv.2010.10352,10.1109/bigdata50022.2020.9378084,1.0000
10.48550/arxiv.0907.3481,10.1007/s10955-009-9832-z,1.0000
10.48550/arxiv.2212.01301,10.1142/s0129054120420095,0.8824
10.48550/arxiv.1601.05146,10.1038/srep30098,1.0000
10.48550/arxiv.2108.02673,10.1088/1572-9494/ac27a2,1.0000
10.48550/arxiv.1710.06403,10.1209/0295-5075/123/10005,0.9820
10.48550/arxiv.1110.0823,10.1051/0004-6361/201117474,0.9745
10.48550/arxiv.1106.1739,10.1103/physics.4.42,1.0000
10.48550/arxiv.1703.00251,10.1103/physrevlett.119.193602,1.0000
10.48550/arxiv.quant-ph/0109084,10.1103/physrevlett.88.057902,1.0000
10.48550/arxiv.hep-ph/9711369,10.1007/s100520050130,1.0000
10.48550/arxiv.1301.4416,10.1088/0004-6256/145/4/94,0.9452
10.48550/arxiv.2307.13354,10.1063/1.5030657,0.8761
10.48550/arxiv.1512.08176,10.1140/epjc/s10052-016-4323-2,1.0000
10.48550/arxiv.cond-mat/0501495,10.1209/epl/i2005-10341-6,0.9574
10.48550/arxiv.1804.03022,10.1109/devlrn.2017.8329826,0.8824
10.48550/arxiv.2106.10067,10.1287/moor.2022.0101,0.9504
10.48550/arxiv.1007.2643,10.1103/physrevb.83.134502,0.9381
10.48550/arxiv.1701.00631,10.4204/eptcs.234.8,1.0000
10.48550/arxiv.2004.10735,10.1051/0004-6361/202038189,0.9929
10.48550/arxiv.1711.10252,10.1134/s0202289318030088,1.0000
10.48550/arxiv.1307.1619,10.1088/0960-1317/23/12/125024,1.0000
10.48550/arxiv.1512.07807,10.1109/icassp.2016.7472120,1.0000
10.48550/arxiv.1711.00478,10.1126/science.aaq0327,1.0000
10.48550/arxiv.2103.02562,10.1103/physrevb.103.195408,1.0000
10.48550/arxiv.hep-th/9710153,10.1007/s002200050501,1.0000
10.48550/arxiv.2009.11651,10.1142/s0219199722500286,1.0000
10.48550/arxiv.1409.4912,10.1016/j.jnt.2014.09.003,1.0000
10.48550/arxiv.cond-mat/0607781,10.1103/physreva.74.063606,1.0000
10.48550/arxiv.hep-ph/0010019,10.1142/s0217732300001754,0.8824
10.48550/arxiv.0907.1605,10.1103/physrevlett.103.235701,1.0000
10.48550/arxiv.2211.14819,10.1561/116.00000057,1.0000
10.48550/arxiv.1110.4460,10.1007/s10714-012-1369-9,1.0000
10.48550/arxiv.2310.08832,10.37236/12467,1.0000
10.48550/arxiv.1411.5256,10.1088/1475-7516/2015/02/028,1.0000
10.48550/arxiv.2008.01642,10.1103/physrevlett.125.260502,0.9891
10.48550/arxiv.2203.07155,10.1109/lra.2023.3245405,0.9525
10.48550/arxiv.1101.3122,10.1088/1751-8113/44/27/275204,1.0000
10.48550/arxiv.2112.09240,10.1021/acs.nanolett.1c04514,1.0000
10.48550/arxiv.1501.02433,10.1093/mnras/stv408,0.9740
10.48550/arxiv.1101.4258,10.1088/1674-4527/11/6/006,0.9223
10.48550/arxiv.2109.14855,10.1109/iros47612.2022.9981338,1.0000
10.48550/arxiv.1808.07833,10.1063/1.5053576,1.0000
10.48550/arxiv.1908.03353,10.1088/1361-6382/ab9933,1.0000
10.48550/arxiv.1911.00084,10.1093/mnras/staa532,1.0000
10.48550/arxiv.1210.7889,10.4028/www.scientific.net/amr.433-440.1653,1.0000
10.48550/arxiv.2008.08716,10.1109/tip.2021.3120038,1.0000
10.48550/arxiv.gr-qc/0406068,10.1142/s0218271804006292,0.8824
10.48550/arxiv.2007.13598,10.1103/physrevb.103.014114,0.9671
10.48550/arxiv.1307.3290,10.1109/tcomm.2015.2480713,0.9580
10.48550/arxiv.1407.2528,10.1088/0264-9381/31/9/095005,1.0000
10.48550/arxiv.1806.10224,10.1093/mnras/sty1659,0.9620
10.48550/arxiv.cond-mat/0008126,10.1103/physreve.64.058102,1.0000
10.48550/arxiv.1608.05954,10.1140/epjp/i2016-16434-6,1.0000
10.48550/arxiv.1410.0405,10.1137/16m105767x,1.0000
10.48550/arxiv.astro-ph/9904054,10.1086/312033,0.9572
10.48550/arxiv.hep-lat/0405003,10.1016/j.cpc.2004.10.005,0.9677
10.48550/arxiv.math/0607253,10.1016/j.spa.2006.12.007,0.9690
10.48550/arxiv.chao-dyn/9709012,10.1088/1355-5111/9/5/010,0.9683
10.48550/arxiv.cond-mat/0104271,10.1103/physreve.64.036616,1.0000
10.48550/arxiv.2206.00039,10.1051/0004-6361/202243653,1.0000
10.48550/arxiv.2302.01861,10.1080/00031305.2024.2329681,1.0000
10.48550/arxiv.1012.0444,10.1111/j.1365-2966.2011.20360.x,0.9384
10.48550/arxiv.1609.07653,10.1103/physreva.95.023836,1.0000
10.48550/arxiv.2406.15277,10.1103/physrevresearch.6.043281,0.9740
10.48550/arxiv.astro-ph/9510142,10.1093/mnras/282.2.641,0.8902
10.48550/arxiv.1906.08475,10.1016/j.cnsns.2020.105242,1.0000
10.48550/arxiv.1307.4797,10.1038/nnano.2013.144,0.9605
10.48550/arxiv.1810.11776,10.1073/pnas.1905688116,0.9412
10.48550/arxiv.1703.05371,10.1103/physrevlett.120.111301,0.9523
10.48550/arxiv.hep-th/0702090,10.1088/1126-6708/2007/04/071,1.0000
10.48550/arxiv.2203.16396,10.1109/tcns.2022.3226951,0.9838
10.48550/arxiv.1206.3051,10.1103/physrevlett.110.037402,0.8469
10.48550/arxiv.hep-ph/9408244,10.1088/0954-3899/21/2/003,0.8824
10.48550/arxiv.2110.05547,10.1103/physrevd.105.046014,1.0000
10.48550/arxiv.2103.11282,10.1007/s10846-018-0916-3,0.8824
10.48550/arxiv.1410.7641,,
10.48550/arxiv.physics/0608113,10.1117/12.528991,0.8824
10.48550/arxiv.math/0302199,10.1002/mma.457,1.0000
10.48550/arxiv.2407.02889,10.1088/1361-6382/adbda5,1.0000
10.48550/arxiv.2302.12365,10.1007/s10474-023-01364-0,1.0000
10.48550/arxiv.1812.00710,10.1090/tran/7766,1.0000
10.48550/arxiv.2410.06149,10.1145/3581783.3611851,0.8824
10.48550/arxiv.hep-ph/9708303,10.1103/physrevlett.80.22,0.9322
10.48550/arxiv.1301.5559,10.1051/0004-6361/201321215,1.0000
10.48550/arxiv.2111.12100,10.21468/scipostphys.13.3.062,1.0000
10.48550/arxiv.1604.02037,10.1103/physrevd.94.015023,1.0000
10.48550/arxiv.1212.6438,10.1103/physrevb.88.125402,0.9641
10.48550/arxiv.2108.07657,10.7554/elife.82435,1.0000
10.48550/arxiv.2102.01680,10.1007/jhep03(2021)262,1.0000
10.48550/arxiv.0911.5669,10.1103/physrevb.81.064113,0.8160
10.48550/arxiv.hep-ph/0401041,10.1016/j.nuclphysb.2004.02.006,0.9409
10.48550/arxiv.1503.05094,10.1103/physreve.91.032145,1.0000
10.48550/arxiv.1307.5850,10.1103/physrevlett.112.162001,0.9922
10.48550/arxiv.1003.5018,10.1007/jhep11(2010)016,1.0000
10.48550/arxiv.1906.05292,10.1103/physrevb.102.195150,1.0000
10.48550/arxiv.1808.04675,10.1088/1742-6596/1113/1/012002,1.0000
10.48550/arxiv.1401.5370,10.1016/j.jfa.2014.06.017,1.0000
10.48550/arxiv.2401.12491,10.1007/s11633-025-1546-4,0.8443
10.48550/arxiv.cond-mat/9507057,10.1209/0295-5075/32/5/001,0.8782
10.48550/arxiv.2304.10090,,
10.48550/arxiv.1906.11394,10.1109/tit.2022.3170846,0.9882
10.48550/arxiv.2204.08004,10.1016/j.pacs.2022.100387,0.8000
10.48550/arxiv.cond-mat/0703311,10.1117/12.717685,1.0000
10.48550/arxiv.1212.3728,10.1063/1.4829766,1.0000
10.48550/arxiv.2111.01151,10.1093/mnras/stab3195,1.0000
10.48550/arxiv.1511.06592,10.1103/physreva.93.062325,1.0000
10.48550/arxiv.physics/0007087,10.1103/physreve.63.031915,0.9581
10.48550/arxiv.1701.08230,10.1145/3097983.3098095,1.0000
10.48550/arxiv.quant-ph/9810094,10.1103/physreva.59.3868,1.0000
10.48550/arxiv.1406.1894,10.3116/16091833/15/3/123/2014,1.0000
10.48550/arxiv.2102.08252,10.1093/mnras/stab530,1.0000
10.48550/arxiv.2006.11105,10.7717/peerj-cs.398,1.0000
10.48550/arxiv.1306.6190,10.1103/physreve.88.013010,1.0000
10.48550/arxiv.2405.10627,10.1063/5.0219405,0.9272
10.48550/arxiv.2107.09356,10.1109/saupec/robmech/prasa52254.2021.9377018,1.0000
10.48550/arxiv.0806.1441,10.1103/physrevb.78.024513,0.9533
10.48550/arxiv.1904.06504,10.1109/lra.2019.2961227,1.0000
10.48550/arxiv.1703.09870,10.1080/00029890.2018.1390370,1.0000
10.48550/arxiv.1606.06658,10.1080/07474946.2016.1275512,1.0000
10.48550/arxiv.hep-ph/9906276,10.1016/s0550-3213(99)00812-3,1.0000
10.48550/arxiv.cond-mat/0612087,10.1103/physrevlett.98.207001,0.9966
10.48550/arxiv.2110.13667,10.1017/jsl.2022.82,0.8958
10.48550/arxiv.astro-ph/0203307,10.1046/j.1365-8711.2002.05507.x,1.0000
10.48550/arxiv.2110.07018,10.1145/3519939.3523713,1.0000
10.48550/arxiv.astro-ph/0506417,10.1088/0143-0807/27/3/012,1.0000
10.48550/arxiv.2209.05499,10.3847/1538-4357/acacf2,1.0000
10.48550/arxiv.1105.0316,10.1364/ol.36.002716,0.9945
10.48550/arxiv.2311.10411,10.1109/dcas57389.2023.10130264,1.0000
10.48550/arxiv.1803.05545,10.1103/physrevapplied.10.044046,0.9960
10.48550/arxiv.1905.06628,10.1016/j.physe.2020.114040,0.8828
10.48550/arxiv.1910.01673,10.1103/physrevd.101.026018,1.0000
10.48550/arxiv.2107.00589,10.1016/j.jpaa.2021.106996,1.0000
10.48550/arxiv.1308.4766,10.1088/0004-637x/776/2/106,1.0000
10.48550/arxiv.2111.09717,10.1090/tran/8745,0.8332
10.48550/arxiv.2206.13770,10.1051/0004-6361/202243399,0.9796
10.48550/arxiv.2301.07959,10.1103/physreve.107.054303,1.0000
10.48550/arxiv.quant-ph/0211022,,
10.48550/arxiv.cond-mat/9806191,10.1103/physrevb.60.40,1.0000
10.48550/arxiv.1504.03297,10.1016/j.jat.2015.03.005,1.0000
10.48550/arxiv.0901.4837,10.1103/physrevd.79.043008,1.0000
10.48550/arxiv.gr-qc/0307074,10.1088/1475-7516/2004/02/001,1.0000
10.48550/arxiv.2403.03750,,
10.48550/arxiv.1808.03684,,
10.48550/arxiv.2108.08500,10.1007/s00366-022-01617-6,1.0000
10.48550/arxiv.cond-mat/9911189,10.1103/physrevb.62.1039,1.0000
10.48550/arxiv.2307.02186,10.1093/mnras/stad2340,1.0000
10.48550/arxiv.1310.0922,10.1103/physreva.89.013844,0.9710
10.48550/arxiv.1106.5497,10.1088/2041-8205/737/1/l1,0.9468
10.48550/arxiv.0911.1325,10.1142/s179304211100423x,1.0000
10.48550/arxiv.q-alg/9701016,10.1007/s002200050430,1.0000
10.48550/arxiv.0905.2773,10.1007/s10231-010-0139-0,1.0000
10.48550/arxiv.2208.04864,10.1103/physrevb.106.195111,1.0000
10.48550/arxiv.1706.06550,10.1103/physrevd.96.114510,1.0000
10.48550/arxiv.0711.2951,10.1021/nl801203c,1.0000
10.48550/arxiv.cond-mat/9212032,10.1088/0953-8984/5/10/006,0.8754
10.48550/arxiv.1005.4219,10.1364/oe.18.027511,1.0000
10.48550/arxiv.1201.4674,10.1051/0004-6361/201218849,0.9646
10.48550/arxiv.2003.14039,,
10.48550/arxiv.1712.07927,10.1016/j.nuclphysb.2018.08.016,1.0000
10.48550/arxiv.2102.09746,10.1007/jhep05(2021)047,1.0000
10.48550/arxiv.1403.0160,10.1103/physrevc.89.044317,1.0000
10.48550/arxiv.quant-ph/0402087,10.1103/physrevlett.93.130501,1.0000
10.48550/arxiv.1210.1357,10.1016/j.physd.2013.03.002,1.0000
10.48550/arxiv.hep-lat/9711046,10.1016/s0920-5632(97)00470-2,0.8890
10.48550/arxiv.1211.1873,10.1063/1.4775806,0.9195
10.48550/arxiv.cond-mat/0106446,10.1103/physrevb.66.075317,0.9037
10.48550/arxiv.astro-ph/0510516,10.1051/0004-6361:20053415,1.0000
10.48550/arxiv.1008.1369,10.1103/physrevlett.105.250502,0.9686
10.48550/arxiv.cond-mat/0112110,10.1073/pnas.122653799,1.0000
10.48550/arxiv.gr-qc/0112013,10.1103/physrevd.66.062002,1.0000
10.48550/arxiv.quant-ph/9807025,10.1088/0305-4470/32/11/010,1.0000
10.48550/arxiv.2412.08193,10.1145/3701716.3715462,1.0000
10.48550/arxiv.1202.5123,10.5802/aif.2879,0.8902
10.48550/arxiv.2209.11662,10.1051/epjconf/202227407003,0.9365
10.48550/arxiv.1812.07426,,
10.48550/arxiv.1509.04621,,
10.48550/arxiv.1605.08259,10.1103/physreve.94.062107,1.0000
10.48550/arxiv.2003.00702,10.1007/jhep07(2020)032,1.0000
10.48550/arxiv.0911.0173,10.1146/annurev-conmatphys-070909-104019,1.0000
10.48550/arxiv.1105.2486,10.1088/1367-2630/13/8/083020,1.0000
10.48550/arxiv.1305.1553,10.1103/physrevb.87.245437,1.0000
10.48550/arxiv.hep-ph/0607305,10.1103/physrevd.75.014016,0.8572
10.48550/arxiv.2307.06756,10.1109/tc.2024.3377891,0.9175
10.48550/arxiv.cond-mat/0101443,10.1103/physrevb.63.241301,0.9923
10.48550/arxiv.2007.08121,10.1145/3411498.3419966,1.0000
10.48550/arxiv.1512.03439,10.1093/mnras/stw434,1.0000
10.48550/arxiv.0806.1568,10.1016/j.jmmm.2010.02.043,0.8397
10.48550/arxiv.1405.2043,10.1103/physrevb.91.115118,1.0000
10.48550/arxiv.1802.10391,10.1016/j.jallcom.2016.03.238,0.8824
10.48550/arxiv.2305.09714,10.1093/mnras/stad1470,1.0000
10.48550/arxiv.1401.6814,10.1016/j.jssc.2014.01.035,1.0000
10.48550/arxiv.1403.2776,10.1002/lpor.201300126,0.8824
10.48550/arxiv.1607.03521,10.1103/physrevb.94.125123,1.0000
10.48550/arxiv.hep-ph/0007308,10.1063/1.1345282,1.0000
10.48550/arxiv.cond-mat/0110090,10.1142/s0129183102003693,0.8824
10.48550/arxiv.astro-ph/9910523,10.1086/301229,1.0000
10.48550/arxiv.cond-mat/0502293,10.1088/1742-5468/2005/03/p03004,1.0000
10.48550/arxiv.2007.06892,10.1145/3339186.3339199,0.8824
10.48550/arxiv.hep-ph/0212401,10.1142/9789812704269_0036,0.8824
10.48550/arxiv.1712.00488,10.1016/j.orgel.2017.11.020,1.0000
10.48550/arxiv.cond-mat/0201512,10.1103/physrevb.65.220514,0.9638
10.48550/arxiv.2502.09211,10.4204/eptcs.416.2,1.0000
10.48550/arxiv.2303.06986,10.3233/fi-242185,1.0000
10.48550/arxiv.1811.11800,10.1007/s00162-019-00499-7,1.0000
10.48550/arxiv.2209.01463,10.1007/s10701-023-00678-x,1.0000
10.48550/arxiv.nucl-th/0308081,10.1140/epja/i2003-10221-1,0.9846
10.48550/arxiv.1210.7200,10.22323/1.146.0099,0.8529
10.48550/arxiv.2203.13674,10.1109/tpami.2024.3361671,0.9209
10.48550/arxiv.cond-mat/0401525,10.1103/physrevb.70.060102,1.0000
10.48550/arxiv.1905.10207,10.1088/1475-7516/2019/09/031,1.0000
10.48550/arxiv.astro-ph/0504581,10.1086/491614,1.0000
10.48550/arxiv.cond-mat/0101357,10.1103/physreve.64.031502,1.0000
10.48550/arxiv.1705.08852,10.1007/s11433-017-9119-8,1.0000
10.48550/arxiv.cond-mat/0206078,10.1103/physreve.66.046134,0.9513
10.48550/arxiv.2309.09224,10.1109/lra.2024.3504232,1.0000
10.48550/arxiv.hep-ph/9612363,10.1103/physrevlett.78.3626,1.0000
10.48550/arxiv.1704.06222,10.1007/jhep07(2017)143,0.9891
10.48550/arxiv.2008.03792,10.1142/s0218271824500639,0.9765
10.48550/arxiv.1306.6884,10.1021/ct400687b,1.0000
10.48550/arxiv.hep-ph/9707350,10.1007/s100529800778,0.9820
10.48550/arxiv.1311.0006,10.1088/0004-637x/779/1/12,1.0000
10.48550/arxiv.physics/9904062,10.1103/physrevlett.82.5293,0.9911
10.48550/arxiv.2010.01601,10.1051/0004-6361/202038516,1.0000
10.48550/arxiv.2306.12815,10.1103/physrevd.108.034015,0.8377
10.48550/arxiv.0809.3879,10.1016/j.nuclphysbps.2008.12.066,1.0000
10.48550/arxiv.0712.1893,10.1103/physrevb.77.075412,1.0000
10.48550/arxiv.1112.2390,10.1088/1742-6596/360/1/012017,1.0000
10.48550/arxiv.2108.02862,,
10.48550/arxiv.1704.08912,10.1063/1.4991479,1.0000
10.48550/arxiv.2007.13038,10.1364/oe.412009,1.0000
10.48550/arxiv.hep-lat/9509042,10.1016/0920-5632(96)00154-5,1.0000
10.48550/arxiv.0911.3323,10.1016/j.respol.2007.02.010,0.8824
10.48550/arxiv.1604.07202,10.1145/2832987.2833083,0.8824
10.48550/arxiv.1711.02697,10.1007/jhep10(2018)050,1.0000
10.48550/arxiv.hep-th/9509014,10.1142/s0217732396001314,0.8824
10.48550/arxiv.astro-ph/0303160,10.1103/physrevd.67.087302,1.0000
10.48550/arxiv.1609.02276,10.1103/physrevb.94.201103,0.9742
10.48550/arxiv.1405.5929,10.1007/s12539-013-0061-4,1.0000
10.48550/arxiv.1803.09571,10.1016/j.infsof.2018.06.013,1.0000
10.48550/arxiv.1706.05351,10.1051/0004-6361/201731020,1.0000
10.48550/arxiv.1903.04817,10.1093/mnrasl/slz036,0.9636
10.48550/arxiv.0910.0860,10.1016/j.physletb.2010.09.015,1.0000
10.48550/arxiv.hep-th/0512133,10.1016/j.nuclphysb.2006.06.022,1.0000
10.48550/arxiv.1011.2801,10.1142/9789814329033_0072,1.0000
10.48550/arxiv.nucl-th/0610076,10.1016/j.nuclphysa.2007.03.151,0.8963
10.48550/arxiv.0901.0300,10.1112/jlms/jdq106,0.9020
10.48550/arxiv.physics/0406016,10.1063/1.1874577,0.9346
10.48550/arxiv.1402.3161,10.1088/0004-637x/785/2/157,1.0000
10.48550/arxiv.1009.4341,10.1088/0004-637x/725/1/1242,1.0000
10.48550/arxiv.astro-ph/0401068,10.1093/pasj/56.2.341,1.0000
10.48550/arxiv.0708.4129,10.1088/1126-6708/2007/09/097,1.0000
10.48550/arxiv.1706.00348,10.1103/physrevlett.119.210601,1.0000
10.48550/arxiv.2110.11952,10.1016/j.cor.2021.105281,1.0000
10.48550/arxiv.cond-mat/0701546,10.1103/physreva.76.013822,1.0000
10.48550/arxiv.1201.3295,10.1142/s0129055x13500086,1.0000
10.48550/arxiv.0807.2895,10.1016/j.nima.2008.01.101,1.0000
10.48550/arxiv.1806.09643,10.1103/physrevlett.121.030601,1.0000
10.48550/arxiv.1506.06944,10.1103/physrevb.92.064424,0.8051
10.48550/arxiv.cond-mat/0701550,10.1103/physrevb.76.054408,1.0000
10.48550/arxiv.2102.11678,10.31577/cai_2021_3_575,1.0000
10.48550/arxiv.2405.11543,10.1177/1081286518762620,0.8824
10.48550/arxiv.1606.08519,10.1175/jcli-d-16-0455.1,1.0000
10.48550/arxiv.1610.04792,10.1093/mnras/stw2676,0.9873
10.48550/arxiv.1611.03156,10.1088/0953-8984/28/23/236004,1.0000
10.48550/arxiv.1508.00811,10.1088/1742-5468/2016/03/033116,0.9925
10.48550/arxiv.1406.3963,10.1103/physrevlett.114.060405,1.0000
10.48550/arxiv.1103.3916,10.1142/s1793042113500395,0.9615
10.48550/arxiv.1411.6108,10.1063/1.4901128,1.0000
10.48550/arxiv.1705.00812,10.1007/s10208-018-9385-0,1.0000
10.48550/arxiv.2310.08087,10.1109/camad59638.2023.10478391,1.0000
10.48550/arxiv.0802.2789,10.1088/1742-5468/2008/04/p04024,1.0000
10.48550/arxiv.2111.06882,10.1103/physrevd.106.103010,0.9963
10.48550/arxiv.2103.07117,10.1016/j.eswa.2022.119488,1.0000
10.48550/arxiv.1704.02406,10.1017/nws.2018.28,1.0000
10.48550/arxiv.1104.5017,10.1103/physrevb.84.054432,0.8575
10.48550/arxiv.0906.0385,10.1112/blms/bdq110,1.0000
10.48550/arxiv.1507.02938,10.1039/c5sm00687b,0.9973
10.48550/arxiv.1312.5027,10.1063/1.4895435,0.8879
10.48550/arxiv.2205.01036,10.1088/0305-4470/31/11/015,0.8824
10.48550/arxiv.1010.1860,10.1007/jhep01(2011)141,1.0000
10.48550/arxiv.0807.0650,10.1016/j.nuclphysbps.2009.03.013,0.8700
10.48550/arxiv.1806.03389,10.1063/1.5043428,1.0000
10.48550/arxiv.0912.4411,10.1016/j.ejc.2010.05.008,1.0000
10.48550/arxiv.0804.1278,10.1088/0264-9381/25/23/235015,0.9977
10.48550/arxiv.2001.09319,10.1103/physrevresearch.2.023206,1.0000
10.48550/arxiv.1107.4868,10.1214/10-aoas446,1.0000
10.48550/arxiv.1807.00631,10.1088/1402-4896/aadd72,1.0000
10.48550/arxiv.2001.07604,10.1088/1402-4896/ac8200,1.0000
10.48550/arxiv.1307.6586,10.1088/0004-637x/781/1/1,0.9140
10.48550/arxiv.1706.10221,10.1137/17m1136924,1.0000
10.48550/arxiv.1012.2747,10.1007/jhep02(2011)008,1.0000
10.48550/arxiv.hep-th/9504104,10.1016/0550-3213(95)00330-u,0.9623
10.48550/arxiv.1805.02391,10.1112/topo.12063,0.9341
10.48550/arxiv.1909.02696,,
10.48550/arxiv.1707.07959,10.7554/elife.25773,1.0000
10.48550/arxiv.2410.17763,10.1088/1361-6382/adb23c,0.9963
10.48550/arxiv.1406.1899,10.1088/0266-5611/30/12/125005,0.9815
10.48550/arxiv.2012.04983,10.1016/j.patcog.2021.108421,1.0000
10.48550/arxiv.hep-ph/0101130,10.1088/1126-6708/2003/03/052,0.9650
10.48550/arxiv.cond-mat/0501574,10.1016/j.physb.2004.12.049,0.8585
10.48550/arxiv.1702.07523,10.1016/j.astropartphys.2017.02.007,0.9905
10.48550/arxiv.2407.04065,10.1109/tse.2025.3533972,1.0000
10.48550/arxiv.1205.0351,10.1214/13-aap971,1.0000
10.48550/arxiv.1809.04165,10.1063/1.5062168,0.9864
10.48550/arxiv.1808.08417,10.1007/978-3-030-02825-1_6,1.0000
